{
    "#info": {
        "version": 1,
        "name": "FFVII",
        "creator": "Tekkenfede",
        "description": "FFVII Theme made by Tekkenfede."
    },

    "#base": {
        "font": "Ferrum-wy99.otf",
        "font[pl_PL]": "CinzelBold-ZZ3Z.ttf",
        "font[fr_FR]": "CinzelBold-ZZ3Z.ttf",
        "font-scale[30:17]": 1.0,
        "font-scale[1920x1152]": 3.0,
        "font-scale[16:9]": 1.3,
        "font-scale[3:2]": 0.85,
        "font-scale[427:240]": 0.9
    },

    "#pallet": {
        "background": [ 85, 85, 85, 255 ],
        "background_fade": [ 0, 0, 0, 210 ],
        "list_text": [ 150, 150, 150, 255 ],
        "list_selected": [ 255, 255, 255, 255 ],
        "list_unselectable": [ 128, 0, 0, 255 ],
        "button": [ 200, 200, 200, 255 ],
        "general_font": [ 200, 200, 200 ],
        "download_font": [ 255, 255, 255, 255 ],
        "panels": [ 110, 110, 110 ],
        "panels2": [ 110, 110, 110, 0 ],
        "selection-fill": [ 170, 170, 170, 35 ],
        "secondary-selection-fill": [ 53, 53, 53 ]

    },

    "#resources": {
        "000.ogg": {
            "name": "scroll"
        },

        "001.ogg": {
            "name": "click"
        },
        "buttons.png": {
            "atlas": {
                "_A": [ 0, 0, 180, 180 ],
                "_B": [ 180, 0, 180, 180 ],
                "_X": [ 360, 0, 180, 180 ],
                "_Y": [ 540, 0, 180, 180 ],
                "_START": [ 0, 180, 360, 180 ],
                "_SELECT": [ 360, 180, 360, 180 ],
                "_L": [ 0, 360, 270, 180 ],
                "_R": [ 270, 360, 270, 180 ],
                "_UNCHECKED": [ 720, 0, 180, 180 ],
                "_CHECKED": [ 900, 0, 180, 180 ],
                "_MORE": [ 720, 180, 180, 180 ],
                "_LEFT": [ 900, 180, 90, 180 ],
                "_RIGHT": [ 990, 180, 90, 180 ],
                "_UP": [ 900, 360, 180, 90 ],
                "_DOWN": [ 900, 450, 180, 90 ]
            }
        },
        "pointenfedde.png": {}

    },


    "#elements": {
        "left_pane": {
            "comment": "Left side of the screen.",
            "area": [ 0.0, 0.0, 0.3, 1.0 ],
            "area[3:2]": [ 0.0, 0.0, 0.4, 1.0 ],
            "area[wide]": [ 0.0, 0.0, 0.4, 1.0 ]
        },
        "right_pane": {
            "comment": "Right side of the screen.",
            "area": [ 0.3, 0.0, 1.0, 1.0 ],
            "area[3:2]": [ 0.4, 0.0, 1.0, 1.0 ],
            "area[wide]": [ 0.4, 0.0, 1.0, 1.0 ]
        },
        "port_info_list_area": {
            "comment": "List area",
            "parent": "left_pane",
            "area": [ 0.0, 0.0, 1.0, 1.0 ]
        },
        "port_info_area": {
            "comment": "The area used for the info text/image",
            "parent": "right_pane",
            "area": [ 0.0, 0.0, 1.0, 1.0 ]
        },
        "port_info_title_area": {
            "comment": "Port Title",
            "parent": "port_info_area",
            "area": [ 0.0, 0.0, 1.0, 0.1 ]
        },
        "port_info_image_area": {
            "comment": "Port image",
            "parent": "port_info_area",
            "area": [ 0.0, 0.1, 1.0, 0.4 ],
            "area[hires]": [ 0.0, 0.1, 1.0, 0.5 ],
            "area[4:3]": [ 0.0, 0.1, 1.0, 0.5 ]
        },

        "port_info_text_area": {
            "comment": "Port Info",
            "parent": "port_info_area",
            "area": [ 0.0, 0.4, 1.0, 1.0 ],
            "area[1920x1152, hires]": [ 0.0, 0.5, 1.0, 1.0 ]
        },
        "background": {
            "area": [ 0.0, 0.0, 1.0, 1.0 ],
            "image": "background.png",
            "border": 8,
            "font-size": 36,
            "font-color": [ 0, 0, 0 ],
            "music": "main-menu.ogg",
            "music-volume": 50

        },

        "background2": {
            "area": [ 0.0, 0.0, 1.0, 1.0 ],
            "image": "sector8.png",
            "border": 8,
            "font-size": 36,
            "font-color": [ 0, 0, 0 ],
            "music": "port_list.ogg",
            "music-volume": 50

        },
        "background3": {
            "area": [ 0.0, 0.0, 1.0, 1.0 ],
            "fill": "background",
            "border": 8,
            "font-size": 36,
            "music": "port_list.ogg",
            "music-volume": 50,
            "font-color": [ 0, 0, 0 ]
        },

        "background4": {
            "area": [ 0.0, 0.0, 1.0, 1.0 ],
            "image": "background.png",
            "border": 8,
            "font-size": 36,
            "music": "port_list.ogg",
            "music-volume": 50,
            "font-color": [ 0, 0, 0 ]
        },


        "button_bar": {
            "button-sound": "click",
            "button-sound-volume": 100,
            "area": [ 0.60, 0.93, 0.98, 0.97 ],
            "font-size": 18,
            "font-size[pl_PL]": 13,
            "font-size[fr_FR]": 10,
            "font-color": "general_font",
            "align": "midright",
            "bar": [
                "_A",
                "Accept",
                "_B",
                "Back"

            ]
        },

        "option_list": {
            "area": [ 0.0, 0.30, 0.9, 0.9 ],
            "border": 8,
            "font-size": 30,
            "font-size[pl_PL]": 25,
            "font-color": "list_text",
            "select-color": "list_selected",
            "text-clip": true,
            "thickness": 10
        }
    },

    "ports_list": {
        "#element:background2": {},



        "port_list_back": {
            "parent": "port_info_list_area",
            "area": [ 0.05, 0.05, 1.0, 0.95 ],
            "image": "Rectanglehigh.png"
        },

        "ports_list": {
            "parent": "port_info_list_area",
            "area": [ 0.05, 0.037, 1.0, 0.9 ],
            "parent[3:2|1920x1152|16:9|427:240]": "port_list_back",
            "area[3:2]": [ 0.13, 0.0, 0.8, 0.9 ],
            "area[1920x1152]": [ 0.2, 0.05, 0.75, 0.95 ],
            "area[30:17]": [ 0.3, 0.05, 0.75, 0.87 ],
            "area[16:9]": [ 0.25, 0.05, 0.75, 0.95 ],
            "area[427:240]": [ 0.25, 0.05, 0.75, 0.87 ],
            "border-x": 16,
            "border-y": 22,
            "font-size": 19,
            "font-size[427:240]": 22,
            "font-size[16:9]": 19,
            "font-size[1920x1152]": 15,
            "font-color": "list_text",
            "select-color": "list_selected",
            "text-clip": true,
            "text-wrap": false,
            "autoscroll": "slide",
            "scroll-speed": 30,
            "scroll-delay-start": 500,
            "scroll-delay-end": 500,
            "pointer": "pointenfedde.png",
            "pointer-align": [ "midright", "midleft" ],
            "pointer-size": [ 36, 18 ],
            "pointer-attach": "text",
            "pointer-offset": [ 3, 5 ],
            "pointer-flip-x": true,
            "pointer-flip-y": false,
            "click-sound": "scroll",
            "click-sound-volume": 64


        },

        "port_general_info": {
            "parent": "port_info_text_area",
            "area": [ 0.05, 0.3, 0.95, 0.4 ],
            "area[3:2]": [ 0.05, 0.15, 0.95, 0.30 ],
            "area[1920x1152]": [ 0.05, 0.08, 0.95, 0.18 ],
            "font": "ARCADEPI.TTF",
            "border-x": 4,
            "border-y": 5,
            "image": "rectanglelonglittle.png",
            "image-mode": "stretch",
            "font-size": 16,
            "font-size[1920x1152]": 11,
            "font-size[16:9]": 11,
            "font-color": "general_font",
            "text": "Genres: {port_info.genres}    Download Size: {port_info.download_size}{if:port_info.runtime}    Runtime: {port_info.runtime} ({port_info.runtime_status}){endif}",
            "autoscroll": "slide",
            "scroll-speed": 30,
            "scroll-delay-start": 1000,
            "scroll-delay-end": 1000
        },



        "port_desc": {
            "parent": "port_info_text_area",
            "image": "rectanglelongbig.png",
            "image-mode": "stretch",
            "border-x": 16,
            "border-y": 16,
            "area": [ 5, 65, -5, -45 ],
            "area[4:3]": [ 5, 118, -5, -50 ],
            "area[3:2]": [ 5, 59, -5, -28 ],
            "area[16:9]": [ 5, 165, -5, -100 ],
            "area[1920x1152]": [ 0.1, 0.2, 0.9, 0.7 ],
            "area[427:240]": [ 5, 145, -5, -50 ],
            "area[30:17]": [ 5, 145, -5, -65 ],
            "font": "ARCADEPI.TTF",
            "font-size": 17,
            "font-size[1920x1152]": 13,
            "font-size[16:9]": 13,
            "font-color": "general_font",
            "text-wrap": true,
            "autoscroll": "marquee",
            "scroll-speed": 60,
            "scroll-delay-start": 1500,
            "scroll-delay-end": 1500,
            "text": "{port_info.description}"
        },

        "port_title_back": {
            "parent": "port_info_title_area",
            "area": [ 0.1, 0.2, 0.9, 0.8 ],
            "image": "rectanglelongbig.png",
            "image-mode": "stretch",
            "text": "{port_info.title}",
            "font-size": 22,
            "font-color": "selection-fill",
            "align": "center"

        },

        "port_title": {
            "parent": "port_title_back",
            "area": [ 0.0, 0.0, 1.0, 1.0 ],
            "text": "{port_info.title}",
            "font-size": 22,
            "font-color": [ 255, 255, 255 ],
            "autoscroll": "slide",
            "scroll-speed": 30,
            "scroll-delay-start": 500,
            "scroll-delay-end": 500,
            "align": "center"

        },

        "port_image_back": {
            "parent": "port_info_image_area",
            "area": [ 0.2, 0.0, 0.80, 1.0 ],
            "image": "rectanglelongbig.png",
            "image-mode": "stretch",
            "font-size": 22,
            "font-color": "selection-fill",
            "align": "center"
        },


        "port_image": {
            "parent": "port_image_back",
            "area": [ 0.08, 0.1, 0.92, 0.9 ],
            "image": "{port_info.image}",
            "align": "center"

        },
        "port_filters_back": {
            "parent": "port_info_text_area",
            "parent[3:2]": "right_pane",
            "area": [ 0.02, 0.86, 0.35, 0.96 ],
            "area[4:3|30:17|3:2]": [ 0.02, 0.86, 0.35, 0.96 ],
            "area[3:2]": [ 0.1, 0.43, 0.9, 0.48 ],
            "border-x": 16,
            "image": "Rectanglehigh.png",
            "image-mode": "stretch",
            "font-size": 14,
            "align": "topleft",
            "font-color": [ 153, 204, 255 ],
            "text-wrap": true,
            "autoscroll": "marquee",
            "scroll-speed": 40,
            "scroll-delay-start": 1500,
            "scroll-delay-end": 1500
        },

        "port_filters_text": {
            "parent": "port_filters_back",
            "text": "{if:!ports_list.total_ports::ports_list.filter_ports}Available Ports: {ports_list.filter_ports} / {ports_list.total_ports}  \nFilters: {ports_list.filters}{endif}",
            "text[3:2]": "{if:!ports_list.total_ports::ports_list.filter_ports}Available Ports: {ports_list.filter_ports} / {ports_list.total_ports}      Filters: {ports_list.filters}{endif}",
            "border-x[3:2]": 16,
            "border-y[3:2]": 1,
            "area": [ 0.00, 0.00, 1.00, 1.00 ],
            "area[4:3|30:17|3:2]": [ 0.00, 0.00, 1.00, 1.00 ],
            "font-size": 14,
            "align": "topleft",
            "font-color": [ 255, 255, 255 ],
            "text-wrap": true,
            "autoscroll": "marquee",
            "scroll-speed": 40,
            "scroll-delay-start": 1500,
            "scroll-delay-end": 1500,
            "text-wrap[3:2]": false,
            "autoscroll[3:2]": "slide",
            "scroll-speed[3:2]": 40,
            "scroll-delay-start[3:2]": 1500,
            "scroll-delay-end[3:2]": 1500
        },



        "#element:button_bar": {}
    },

    "port_info": {
        "#element:background2": {},

        "port_info": {
            "area": [ 0.05, 0.68, 0.95, 0.9 ],
            "fill": "panels",
            "text": "{port_info.description}",
            "image": "rectanglelongbig.png",
            "image-mode": "stretch",
            "thickness": 6,
            "font": "ARCADEPI.TTF",
            "border": 8,
            "autoscroll": "marquee",
            "scroll-speed": 60,
            "scroll-delay-start": 1500,
            "scroll-delay-end": 1500,
            "font-size": 15,
            "font-size[427:240]": 22,
            "font-color": "general_font",
            "text-wrap": true

        },

        "port_title": {
            "text": "{port_info.title}",
            "area": [ 0.00, 0.00, 1.00, 0.1 ],
            "font-size": 24,
            "font-color": [ 153, 204, 255 ],
            "autoscroll": null,
            "text-wrap": false,
            "align": "center"
        },

        "port_image": {
            "area": [ 0.0, 0.1, 0.65, 0.65 ],
            "image": "{port_info.image}",
            "align": "midcenter"
        },

        "port_info_instruction": {
            "area": [ 0.6, 0.1, 0.95, 0.65 ],
            "text": "Free Space: {system.free_space}\n\nPorter: {port_info.porter}\nGenres: {port_info.genres}\nDownload Size: {port_info.download_size}{if:port_info.runtime}\nRuntime: {port_info.runtime} ({port_info.runtime_status}){endif}\n\nInstruction: \nPlace file x in folder y then dance until tomorrow",
            "fill": "panels",
            "image": "Rectanglehigh.png",
            "image-mode": "stretch",
            "thickness": 6,
            "font": "ARCADEPI.TTF",
            "border": 8,
            "font-size": 13,
            "font-color": "general_font",
            "text-wrap": true,
            "parent": "element:background"
        },

        "#element:button_bar": {}
    },

    "main_menu": {
        "#element:background": {},

        "#element:option_list": {
            "align": "midleft",
            "list": [],
            "options": [],
            "pointer": "pointenfedde.png",
            "pointer-align": [ "midright", "midleft" ],
            "pointer-size": [ 51, 26 ],
            "pointer-attach": "text",
            "pointer-offset": [ 0, 0 ],
            "pointer-flip-x": true,
            "pointer-flip-y": false,
            "click-sound": "scroll",
            "click-sound-volume": 64

        },

        "system_time": {
            "text": "Time: {system.time_24hr}\nCFW: {system.cfw_name} ({system.cfw_version})\nDevice: {system.device_name}\nBattery: {system.battery_level}",
            "font-size": 13,
            "font-size[427:240]": 17,
            "font-color": "general_font",
            "area": [ 0.02, 0.05, 0.95, 0.95 ],
            "align": "topright"
        },
        "system_time_low": {
            "text": "PM: {system.portmaster_version}\nHM: {system.harbourmaster_version}\nSpace: {system.free_space} free / {system.total_space} total",
            "font-size": 12,
            "font-size[427:240]": 16,
            "font-color": "general_font",
            "area": [ 0.02, 0.05, 0.95, 0.95 ],
            "align": "bottomleft"
        },

        "#element:button_bar": {}
    },

    "option_menu": {
        "#element:background": {},

        "#element:option_list": {
            "list": [],
            "options": [],
            "align": "midleft",
            "no-select-color": "list_unselectable",
            "inactive-select-color": "list_unselectable",
            "pointer": "pointenfedde.png",
            "pointer-align": [ "midright", "midleft" ],
            "pointer-size": [ 51, 26 ],
            "pointer-attach": "text",
            "pointer-offset": [ 0, 0 ],
            "pointer-flip-x": true,
            "pointer-flip-y": false,
            "click-sound": "scroll",
            "click-sound-volume": 64

        },

        "#element:button_bar": {},

        "ip": {
            "text": "IP: {system.ip_address}",
            "font-size": 11,
            "font-size[427:240]": 16,
            "font-color": "general_font",
            "area": [ 0.02, 0.05, 0.95, 0.95 ],
            "align": "bottomleft"
        }
    },

    "themes_list": {
        "#element:background": {},
        "port_info": {
            "parent": "port_info_area",
            "area": [ 0.0, 0.0, 1.0, 1.0 ],
            "thickness": 10,
            "border": 8,
            "text": "",
            "font-size": 24,
            "font-color": "general_font",
            "text-wrap": true
        },

        "theme_list_back": {
            "parent": "port_info_list_area",
            "area": [ 0.05, 0.05, 1.0, 0.95 ],
            "image": "Rectanglehigh.png"
        },

        "themes_list": {
            "parent": "port_info_list_area",
            "area": [ 0.05, 0.037, 1.0, 0.9 ],
            "parent[3:2|1920x1152|16:9|427:240]": "port_list_back",
            "area[3:2]": [ 0.06, 0.0, 0.8, 0.9 ],
            "area[1920x1152]": [ 0.10, 0.05, 0.75, 0.95 ],
            "area[30:17]": [ 0.3, 0.05, 0.75, 0.87 ],
            "area[16:9]": [ 0.10, 0.05, 0.75, 0.95 ],
            "area[427:240]": [ 0.10, 0.05, 0.75, 0.87 ],
            "border-x": 16,
            "border-y": 22,
            "font-size": 19,
            "font-size[427:240]": 22,
            "font-size[16:9]": 19,
            "font-size[1920x1152]": 15,
            "font-color": "list_text",
            "select-color": "list_selected",
            "text-clip": true,
            "text-wrap": false,
            "autoscroll": "slide",
            "scroll-speed": 30,
            "scroll-delay-start": 500,
            "scroll-delay-end": 500,
            "pointer": "pointenfedde.png",
            "pointer-align": [ "midright", "midleft" ],
            "pointer-size": [ 36, 18 ],
            "pointer-attach": "text",
            "pointer-offset": [ 3, 5 ],
            "pointer-flip-x": true,
            "pointer-flip-y": false,
            "click-sound": "scroll",
            "click-sound-volume": 64
        },
        "theme_general_info": {
            "parent": "port_info_text_area",
            "area": [ 0.05, 0.23, 0.95, 0.4 ],
            "area[16:9]": [ 0.05, 0.19, 0.95, 0.36 ],
            "area[3:2]": [ 0.05, 0.10, 0.95, 0.30 ],
            "area[1920x1152]": [ 0.05, 0.02, 0.95, 0.19 ],
            "font": "ARCADEPI.TTF",
            "border-x": 4,
            "border-y": 5,
            "image": "rectanglelonglittle.png",
            "image-mode": "stretch",
            "font-size": 16,
            "font-size[1920x1152]": 11,
            "font-size[16:9]": 11,
            "font-color": "general_font",
            "autoscroll": "slide",
            "scroll-speed": 30,
            "scroll-delay-start": 1000,
            "scroll-delay-end": 1000,
            "text": "Creator: {theme_info.creator}\nStatus: {theme_info.status}"
        },
        "theme_desc": {
            "parent": "port_info_text_area",
            "image": "rectanglelongbig.png",
            "image-mode": "stretch",
            "border-x": 16,
            "border-y": 16,
            "area": [ 5, 65, -5, -45 ],
            "area[4:3]": [ 5, 118, -5, -50 ],
            "area[3:2]": [ 5, 59, -5, -28 ],
            "area[16:9]": [ 5, 165, -5, -100 ],
            "area[1920x1152]": [ 0.1, 0.2, 0.9, 0.7 ],
            "area[427:240]": [ 5, 145, -5, -50 ],
            "area[30:17]": [ 5, 145, -5, -65 ],
            "font": "ARCADEPI.TTF",
            "font-size": 17,
            "font-size[1920x1152]": 13,
            "font-size[16:9]": 13,
            "font-color": "general_font",
            "text-wrap": true,
            "autoscroll": "marquee",
            "scroll-speed": 60,
            "scroll-delay-start": 1500,
            "scroll-delay-end": 1500,
            "text": "{theme_info.description}"
        },
        "theme_name_back": {
            "parent": "port_info_title_area",
            "area": [ 0.1, 0.2, 0.9, 0.8 ],
            "image": "rectanglelongbig.png",
            "image-mode": "stretch",
            "font-size": 22,
            "font-color": "selection-fill",
            "align": "center"

        },

        "theme_name": {
            "parent": "port_info_title_area",
            "area": [ 0.0, 0.0, 1.0, 1.0 ],
            "text": "{theme_info.name}",
            "font-size": 22,
            "font-color": "list_selected",
            "align": "center"
        },
        "theme_image": {
            "parent": "port_info_image_area",
            "area": [ 0.0, 0.0, 1.0, 1.0 ],
            "image": "{theme_info.image}"
        },
        "#element:button_bar": {}
    },

    "filter_list": {

        "#element:background3": {
            "blend-mode": "blend",
            "fill": "background_fade"
        },

        "filter_list_back": {
            "area": [ 0.4, 0.10, 0.9, 0.9 ],
            "area[3:2]": [ 0.4, 0.10, 0.98, 0.9 ],
            "area[1920x1152]": [ 0.4, 0.10, 0.98, 0.9 ],
            "area[16:9]": [ 0.4, 0.10, 0.98, 0.9 ],
            "area[427:240]": [ 0.4, 0.10, 0.98, 0.9 ],
            "area[30:17]": [ 0.4, 0.10, 0.98, 0.9 ],
            "image": "cube.png",
            "image-mode": "stretch",
            "align": "midleft"
        },

        "filter_list": {
            "area": [ 0.4, 0.10, 0.8, 0.85 ],
            "area[3:2]": [ 0.4, 0.08, 0.99, 0.8 ],
            "area[1920x1152]": [ 0.4, 0.1, 1.0, 0.85 ],
            "area[16:9]": [ 0.4, 0.1, 1.0, 0.85 ],
            "area[427:240]": [ 0.4, 0.1, 1.0, 0.85 ],
            "area[30:17]": [ 0.4, 0.1, 1.0, 0.85 ],
            "border-x": 16,
            "border-y": 16,
            "font-size": 18,
            "font-size[1920x1152]": 15,
            "font-size[30:17]": 15,
            "font-color": "list_text",
            "select-color": "list_selected",
            "list": [],
            "align": "midleft",
            "click-sound": "scroll",
            "click-sound-volume": 64

        },
        "#element:button_bar": {}

    },
    "#element:button_bar": {},

    "message_window": {
        "#element:background4": {},

        "message_text": {
            "area": [ 0.05, 0.05, 0.95, 0.8 ],
            "fill": "panels",
            "thickness": 6,
            "text-wrap": true,
            "image": "cube.png",
            "image-mode": "stretch",
            "border": 10,
            "font-size": 24,
            "font-color": "general_font",
            "align": "bottomleft",
            "text": ""
        },

        "progress_bar_back": {
            "area": [ 0.05, 0.83, 0.95, 0.90 ],
            "fill": "panels",
            "align": "midleft",
            "image": "rectanglelonglittle.png",
            "image-mode": "stretch",
            "font-size": 14,
            "font-color": "download_font",
            "border": 2,
            "thickness": 1
        },


        "progress_bar": {
            "area": [ 0.01, 0.16, 0.99, 0.86 ],
            "parent": "progress_bar_back",
            "text": "{system.progress_text}",
            "align": "midleft",
            "font-size": 14,
            "font-color": "download_font",
            "border": 2,
            "thickness": 1
        },

        "progress_bar_amount": {
            "area": [ 0.00, 0.00, 1.0, 1.00 ],
            "parent": "progress_bar",
            "text": "{system.progress_amount}",
            "align": "midright",
            "font-size": 14,
            "font-color": "download_font",
            "thickness": 1,
            "border": 2
        },

        "#element:button_bar": {}
    },

    "on_screen_keyboard": {
        "#element:background": {},

        "keyboard": {
            "font-size": 30,
            "font-color": "list_text",
            "select-color": "list_selected",
            "inactive-select-color": "list_text",
            "area": [ 0.1, 0.4, 0.9, 1.0 ],
            "barwidth": 40,
            "list": [],
            "options": [],
            "align": "center"
        },

        "#element:button_bar": {}
    },

    "message_box": {
        "#element:background4": {},

        "message_text": {
            "area": [ 0.05, 0.1, 0.95, 0.8 ],
            "area[3:2]": [ 0.05, 0.1, 0.95, 0.9 ],
            "thickness": 6,
            "image": "cube.png",
            "image-mode": "stretch",
            "border": 8,
            "font-size": 24,
            "font-color": "general_font",
            "align": "center",
            "text": "",
            "text-wrap": true
        },

        "#element:button_bar": {}
    }
}