{
    "#info": {
        "version": 1,
        "name": "DOOM",
        "creator": "Slayer366 and Tekkenfede",
        "description": "Doom Theme made by Slayer366."
    },

    "#base": {
        "font": "AmazDooMLeft.ttf",
        "font[pl_PL|de_DE|es_ES|fr_FR|pt_BR]": "Doom2016.ttf",
        "font-scale[30:17]": 1.0,
        "font-scale[1920x1152]": 1.78,
        "font-scale[16:9]": 1.0,
        "font-scale[3:2]": 0.85,
        "font-scale[427:240]": 0.9
    },

    "#pallet": {
        "background": [ 85, 85, 85, 255 ],
        "background_fade": [ 0, 0, 0, 210 ],
        "list_text": [ 180, 180, 180, 255 ],
        "list_selected": [ 245, 45, 45, 255 ],
        "list_unselectable": [ 128, 0, 0, 255 ],
        "button": [ 200, 200, 200, 255 ],
        "general_font": [ 170, 170, 170 ],
        "general_font_selection": [ 230, 230, 230 ],
        "download_font": [ 255, 255, 255, 255 ],
        "panels": [ 110, 110, 110 ],
        "panels2": [ 110, 110, 110, 0 ],
        "selection-fill": [ 170, 170, 170, 35 ],
        "secondary-selection-fill": [ 53, 53, 53 ]

    },

    "#resources": {
        "dspstop.ogg": {
            "name": "scroll"
        },

        "dspistol.ogg": {
            "name": "click"
        },

        "backsound.ogg": {
            "name": "cancel"
        },

        "buttons.png": {
            "atlas": {
                "_A": [ 0, 0, 180, 180 ],
                "_B": [ 180, 0, 180, 180 ],
                "_X": [ 360, 0, 180, 180 ],
                "_Y": [ 540, 0, 180, 180 ],
                "_START": [ 0, 180, 360, 180 ],
                "_SELECT": [ 360, 180, 360, 180 ],
                "_L": [ 0, 360, 270, 180 ],
                "_R": [ 270, 360, 270, 180 ],
                "_UNCHECKED": [ 720, 0, 180, 180 ],
                "_CHECKED": [ 900, 0, 180, 180 ],
                "_MORE": [ 720, 180, 180, 180 ],
                "_LEFT": [ 900, 180, 90, 180 ],
                "_RIGHT": [ 990, 180, 90, 180 ],
                "_UP": [ 900, 360, 180, 90 ],
                "_DOWN": [ 900, 450, 180, 90 ]
            }
        },
        "skull.png": {},

        "background.png": {
            "atlas": {
                "_back16-9": [ 0, 400, 1280, 720 ],
                "_back30-17": [ 0, 600, 960, 544 ],
                "_back5-3": [ 0, 0, 1920, 1152 ]
    
    
            }
        },

        "backgroundbox.png": {
            "atlas": {
                "_back": [ 0, 0, 640, 480 ],
                "_back427-240": [ 0, 0, 854, 480 ],
                "_backlittle": [ 0, 110, 480, 320 ],
                "_back1-1": [ 0, 0, 720, 720 ]
    
    
            }
        },


        "inferno.png": {
            "atlas": {
                "_backlist16-9": [ 0, 0, 1280, 720 ],
                "_backlist5-3": [ 0, 0, 1920, 1152 ]    
    
            }
        },

        "infernolow.png": {
            "atlas": {
                "_backlist": [ 0, 0, 640, 480 ],
                "_backlistlittle": [ 0, 0, 480, 320 ],
                "_backlist30-17": [ 0, 0, 960, 544 ],
                "_backlist427-240": [ 0, 0, 854, 480 ],
                "_backlist1-1": [ 0, 0, 720, 720 ]
    
    
            }
        }


    },

    


    "#elements": {
        "left_pane": {
            "comment": "Left side of the screen.",
            "area": [ 0.0, 0.0, 0.3, 1.0 ],
            "area[3:2]": [ 0.0, 0.0, 0.4, 1.0 ],
            "area[wide]": [ 0.0, 0.0, 0.4, 1.0 ]
        },
        "right_pane": {
            "comment": "Right side of the screen.",
            "area": [ 0.3, 0.0, 1.0, 1.0 ],
            "area[3:2]": [ 0.4, 0.0, 1.0, 1.0 ],
            "area[wide]": [ 0.4, 0.0, 1.0, 1.0 ]
        },
        "port_info_list_area": {
            "comment": "List area",
            "parent": "left_pane",
            "area": [ 0.0, 0.0, 1.0, 1.0 ]
        },
        "port_info_area": {
            "comment": "The area used for the info text/image",
            "parent": "right_pane",
            "area": [ 0.0, 0.0, 1.0, 1.0 ]
        },
        "port_info_title_area": {
            "comment": "Port Title",
            "parent": "port_info_area",
            "area": [ 0.0, 0.0, 1.0, 0.1 ]
        },
        "port_info_image_area": {
            "comment": "Port image",
            "parent": "port_info_area",
            "area": [ 0.0, 0.1, 1.0, 0.4 ],
            "area[hires]": [ 0.0, 0.1, 1.0, 0.5 ],
            "area[4:3]": [ 0.0, 0.1, 1.0, 0.5 ]
        },

        "port_info_text_area": {
            "comment": "Port Info",
            "parent": "port_info_area",
            "area": [ 0.0, 0.4, 1.0, 1.0 ],
            "area[1920x1152, hires]": [ 0.0, 0.5, 1.0, 1.0 ]
        },
        "background": {
            "area": [ 0.0, 0.0, 1.0, 1.0 ],
            "image": "_back",
            "image[3:2]": "_backlittle",
            "image[16:9]": "_back16-9",
            "image[30:17]": "_back30-17",
            "image[427:240]": "_back427-240",
            "image[1920x1152]": "_back5-3",
            "image[1:1]": "_back1-1",
            "border": 8,
            "font-size": 36,
            "font-color": [ 0, 0, 0 ],
            "music": "main-menu.ogg",
            "music-volume": 50

        },

        "background2": {
            "area": [ 0.0, 0.0, 1.0, 1.0 ],
            "image": "_backlist",
            "image[3:2]": "_backlistlittle",
            "image[16:9]": "_backlist16-9",
            "image[30:17]": "_backlist30-17",
            "image[427:240]": "_backlist427-240",
            "image[1920x1152]": "_backlist5-3",
            "image[1:1]": "_backlist1-1",
            "border": 8,
            "font-size": 36,
            "font-color": [ 0, 0, 0 ],
            "music": "port_list.ogg",
            "music-volume": 50

        },
        "background3": {
            "area": [ 0.0, 0.0, 1.0, 1.0 ],
            "fill": "background",
            "border": 8,
            "font-size": 36,
            "music": "port_list.ogg",
            "music-volume": 50,
            "font-color": [ 0, 0, 0 ]
        },

        "background4": {
            "area": [ 0.0, 0.0, 1.0, 1.0 ],
            "image": "_back",
            "image[3:2]": "_backlittle",
            "image[16:9]": "_back16-9",
            "image[30:17]": "_back30-17",
            "image[427:240]": "_back427-240",
            "image[1920x1152]": "_back5-3",
            "image[1:1]": "_back1-1",
            "border": 8,
            "font-size": 36,
            "music": "port_list.ogg",
            "music-volume": 50,
            "font-color": [ 0, 0, 0 ]
        },


        "button_bar": {
            "button-sound": "click",
            "button-sound-volume": 22,
            "button-sound-alt": "cancel",
            "button-sound-alt-volume": 22,
            "area": [ 0.60, 0.93, 0.98, 0.97 ],
            "font": "DooM.ttf",
            "font-size": 11,
            "font-size[pl_PL|fr_FR]": 13,
            "font-color": "general_font_selection",
            "align": "midright",
            "bar": [
                "_A",
                "Accept",
                "_B",
                "Back"

            ]
        },

        "option_list": {
            "area": [ 0.1, 0.44, 0.9, 0.9 ],
            "border": 8,
            "font-size": 25,
            "font-size[3:2]": 18,
            "font-color": "list_text",
            "select-color": "list_selected",
            "text-clip": false,
            "thickness": 10
        }
    },

    "ports_list": {
        "#element:background2": {},



        "port_list_back": {
            "parent": "port_info_list_area",
            "area": [ 0.05, 0.05, 1.0, 0.95 ],
            "area[1:1]": [ 0.05, 0.05, 1.0, 0.95 ],
            "image": "Rectanglehigh.png",
            "image-mode[1:1]": "stretch"
        },

        "ports_list": {
            "parent": "port_info_list_area",
            "area": [ 0.05, 0.037, 1.0, 0.9 ],
            "parent[3:2|1920x1152|16:9|427:240]": "port_list_back",
            "area[3:2]": [ 0.13, 0.0, 0.8, 0.9 ],
            "area[1920x1152]": [ 0.2, 0.05, 0.75, 0.95 ],
            "area[30:17]": [ 0.3, 0.05, 0.75, 0.87 ],
            "area[16:9]": [ 0.25, 0.05, 0.75, 0.95 ],
            "area[427:240]": [ 0.25, 0.05, 0.75, 0.87 ],
            "border-x": 16,
            "border-y": 22,
            "font": "DooM.ttf",
            "font-size": 19,
            "font-size[427:240]": 22,
            "font-size[16:9]": 19,
            "font-size[1920x1152]": 15,
            "font-color": "general_font",
            "select-color": "general_font_selection",
            "text-clip": true,
            "text-wrap": false,
            "autoscroll": "slide",
            "scroll-speed": 30,
            "scroll-delay-start": 500,
            "scroll-delay-end": 500,
            "pointer": "skull.png",
            "pointer-align": [ "midright", "midleft" ],
            "pointer-size": [ 22, 13 ],
            "pointer-attach": "text",
            "pointer-offset": [ 5, -3 ],
            "pointer-flip-x": true,
            "pointer-flip-y": false,
            "click-sound": "scroll",
            "click-sound-volume": 11
        },

        "port_general_info": {
            "parent": "port_info_text_area",
            "area": [ 0.05, 0.3, 0.95, 0.4 ],
            "area[3:2]": [ 0.05, 0.15, 0.95, 0.30 ],
            "area[1920x1152]": [ 0.05, 0.08, 0.95, 0.18 ],
            "font": "DooM.ttf",
            "border-x": 4,
            "border-y": 5,
            "image": "rectanglelonglittle.png",
            "image-mode": "stretch",
            "font-size": 16,
            "font-size[1920x1152]": 11,
            "font-size[16:9]": 11,
            "font-color": "general_font_selection",
            "text": "Genres: {port_info.genres}    Download Size: {port_info.download_size}{if:port_info.runtime}    Runtime: {port_info.runtime} ({port_info.runtime_status}){endif}",
            "autoscroll": "slide",
            "scroll-speed": 30,
            "scroll-delay-start": 1000,
            "scroll-delay-end": 1000
        },



        "port_desc": {
            "parent": "port_info_text_area",
            "image": "rectanglelongbig.png",
            "image-mode": "stretch",
            "border-x": 16,
            "border-y": 16,
            "area": [ 5, 65, -5, -45 ],
            "area[4:3]": [ 5, 118, -5, -50 ],
            "area[3:2]": [ 5, 59, -5, -28 ],
            "area[16:9]": [ 5, 165, -5, -100 ],
            "area[1920x1152]": [ 0.1, 0.2, 0.9, 0.7 ],
            "area[427:240]": [ 5, 145, -5, -50 ],
            "area[30:17]": [ 5, 145, -5, -65 ],
            "area[1:1]": [ 5, 65, -5, -65 ],
            "font": "DooM.ttf",
            "font-size": 17,
            "font-size[1920x1152]": 13,
            "font-size[16:9]": 13,
            "font-color": "general_font_selection",
            "text-wrap": true,
            "autoscroll": "marquee",
            "scroll-speed": 60,
            "scroll-delay-start": 1500,
            "scroll-delay-end": 1500,
            "text": "{port_info.description}"
        },

        "port_title_back": {
            "parent": "port_info_title_area",
            "area": [ 0.1, 0.2, 0.9, 0.8 ],
            "area[3:2]": [ 0.1, 0.2, 0.9, 0.8 ],
            "image": "rectanglelongbig.png",
            "image-mode": "stretch",
            "font-size": 22,
            "font-color": "selection-fill",
            "align": "center"

        },

        "port_title": {
            "parent": "port_title_back",
            "area": [ 0.0, 0.2, 1.0, 1.0 ],
            "text": "{port_info.title}",
            "font-size": 22,
            "font-color": "general_font_selection",
            "autoscroll": "slide",
            "scroll-speed": 30,
            "scroll-delay-start": 500,
            "scroll-delay-end": 500,
            "align": "center"

        },

        "port_image_back": {
            "parent": "port_info_image_area",
            "area": [ 0.2, 0.0, 0.80, 0.95 ],
            "area[3:2]": [ 0.2, 0.0, 0.80, 0.98 ],
            "image": "rectanglelongbig.png",
            "image-mode": "stretch",
            "font-size": 22,
            "font-color": "selection-fill",
            "align": "center"
        },


        "port_image": {
            "parent": "port_image_back",
            "area": [ 0.08, 0.1, 0.935, 0.90 ],
            "image": "{port_info.image}",
            "align": "center"

        },
        "port_filters_back": {
            "parent": "port_info_text_area",
            "parent[3:2]": "right_pane",
            "area": [ 0.02, 0.86, 0.35, 0.96 ],
            "area[4:3|30:17|3:2]": [ 0.02, 0.86, 0.35, 0.96 ],
            "area[3:2]": [ 0.1, 0.43, 0.9, 0.48 ],
            "border-x": 16,
            "image": "Rectanglehigh.png",
            "image-mode": "stretch",
            "font-size": 14,
            "align": "topleft",
            "font-color": [ 153, 204, 255 ],
            "text-wrap": true,
            "autoscroll": "marquee",
            "scroll-speed": 40,
            "scroll-delay-start": 1500,
            "scroll-delay-end": 1500
        },

        "port_filters_text": {
            "parent": "port_filters_back",
            "text": "{if:!ports_list.total_ports::ports_list.filter_ports}Available Ports: {ports_list.filter_ports} / {ports_list.total_ports}  \nFilters: {ports_list.filters}{endif}",
            "text[3:2]": "{if:!ports_list.total_ports::ports_list.filter_ports}Available Ports: {ports_list.filter_ports} / {ports_list.total_ports}      Filters: {ports_list.filters}{endif}",
            "border-x[3:2]": 16,
            "border-y[3:2]": 1,
            "area": [ 0.00, 0.00, 1.00, 1.00 ],
            "area[4:3|30:17|3:2]": [ 0.00, 0.00, 1.00, 1.00 ],
            "font-size": 14,
            "font-color": "general_font_selection",
            "align": "topleft",
            "text-wrap": true,
            "autoscroll": "marquee",
            "font": "DooM.ttf",
            "scroll-speed": 40,
            "scroll-delay-start": 1500,
            "scroll-delay-end": 1500,
            "text-wrap[3:2]": false,
            "autoscroll[3:2]": "slide",
            "scroll-speed[3:2]": 40,
            "scroll-delay-start[3:2]": 1500,
            "scroll-delay-end[3:2]": 1500
        },


        "#element:button_bar": {
        }
    },

    "port_info": {
        "#element:background2": {},

        "port_info": {
            "area": [ 0.05, 0.68, 0.95, 0.9 ],
            "fill": "panels",
            "text": "{port_info.description}",
            "image": "rectanglelongbig.png",
            "image-mode": "stretch",
            "thickness": 6,
            "font": "DooM.ttf",
            "border": 8,
            "autoscroll": "marquee",
            "scroll-speed": 60,
            "scroll-delay-start": 1500,
            "scroll-delay-end": 1500,
            "font-size": 15,
            "font-size[427:240]": 22,
            "font-color": "general_font_selection",
            "text-wrap": true

        },

        "port_title": {
            "text": "{port_info.title}",
            "area": [ 0.00, 0.00, 1.00, 0.1 ],
            "font-size": 24,
            "font-color": "general_font_selection",
            "autoscroll": null,
            "text-wrap": false,
            "align": "center"
        },

        "port_image": {
            "area": [ 0.0, 0.1, 0.65, 0.65 ],
            "image": "{port_info.image}",
            "align": "midcenter"
        },

        "port_info_instruction": {
            "area": [ 0.6, 0.1, 0.95, 0.65 ],
            "text": "Free Space: {system.free_space}\n\nPorter: {port_info.porter}\nGenres: {port_info.genres}\nDownload Size: {port_info.download_size}{if:port_info.runtime}\nRuntime: {port_info.runtime} ({port_info.runtime_status}){endif}\n\nInstruction: {port_info.instructions}",
            "fill": "panels",
            "image": "Rectanglehigh.png",
            "image-mode": "stretch",
            "thickness": 6,
            "font": "DooM.ttf",
            "border": 8,
            "autoscroll": "marquee",
            "scroll-speed": 60,
            "scroll-delay-start": 1500,
            "scroll-delay-end": 1500,
            "font-size": 13,
            "font-color": "general_font_selection",
            "text-wrap": true,
            "parent": "element:background"
        },

        "#element:button_bar": {}
    },

    "main_menu": {
        "#element:background": {},

        "logo": {
            "area": [ 0.6, 0.1, 0.4, 0.4 ],
            "align": "topcenter",
            "image": "doomlogo.png"
        },

        "back_options": {
            "area": [ 0.07, 0.42, 0.93, 0.92 ],
            "image": "cubeoptions.png"
        },


        "#element:option_list": {
            "align": "center",
            "list": [],
            "options": [],
            "line-height[1:1]": 1.5,
            "line-height[16:9]": 1.5,
            "line-height[5:3]": 1.3,
            "line-height[30:17]": 1.2,
            "line-height[427:240]": 1.2,
            "pointer": "skull.png",
            "pointer-align": [ "midright", "midleft" ],
            "pointer-size": [ 36, 28 ],
            "pointer-attach": "text",
            "pointer-offset": [ 3, 0 ],
            "pointer-flip-x": true,
            "pointer-flip-y": false,
            "pointer-mirror": true,
            "pointer-mirror-x": true,
            "click-sound": "scroll",
            "click-sound-volume": 11
        },

        "system_time": {
            "text": "Time: {system.time_24hr}\nBattery: {system.battery_level}\nSpace: {system.free_space} free",
            "font-size": 10,
            "font-size[427:240]": 9,
            "font":"DooM.ttf",
            "font-color": "general_font_selection",
            "area": [ 0.02, 0.05, 0.95, 0.95 ],
            "align": "topleft"
        },



        "#element:button_bar": {}
    },

    "option_menu": {
        "#element:background": {},

        "logo": {
            "area": [ 0.6, 0.1, 0.4, 0.4 ],
            "align": "topcenter",
            "image": "doomlogo.png"
        },

        "back_options": {
            "area": [ 0.27, 0.42, 0.73, 0.92 ],
            "image": "rectanglelongbig.png",
            "image-mode":"stretch"
        },


        "#element:option_list": {
            "list": [],
            "options": [],
            "align": "midleft",
            "no-select-color": "list_unselectable",
            "inactive-select-color": "list_unselectable",
            "pointer": "skull.png",
            "pointer-align": [ "midright", "midleft" ],
            "pointer-size": [ 36, 28 ],
            "pointer-attach": "text",
            "pointer-offset": [ 3, 0 ],
            "pointer-flip-x": true,
            "pointer-flip-y": false,
            "pointer-mirror": true,
            "pointer-mirror-x": true,
            "click-sound": "scroll",
            "click-sound-volume": 11        },


        "#element:button_bar": {},

        "ip": {
            "text": "IP: {system.ip_address}",
            "font-size": 11,
            "font-size[427:240]": 16,
            "font-color": "general_font",
            "area": [ 0.02, 0.05, 0.95, 0.95 ],
            "align": "bottomleft"
        }
    },

    "themes_list": {
        "#element:background": {},
        "port_info": {
            "parent": "port_info_area",
            "area": [ 0.0, 0.0, 1.0, 1.0 ],
            "thickness": 10,
            "border": 8,
            "text": "",
            "font-size": 24,
            "font-color": "general_font",
            "text-wrap": true
        },

        "theme_list_back": {
            "parent": "port_info_list_area",
            "area": [ 0.05, 0.05, 1.0, 0.95 ],
            "image": "Rectanglehigh.png",
            "image-mode[1:1]": "stretch"

        },

        "themes_list": {
            "parent": "port_info_list_area",
            "area": [ 0.05, 0.037, 1.0, 0.9 ],
            "parent[3:2|1920x1152|16:9|427:240]": "port_list_back",
            "area[3:2]": [ 0.06, 0.0, 0.8, 0.9 ],
            "area[1920x1152]": [ 0.10, 0.05, 0.75, 0.95 ],
            "area[30:17]": [ 0.3, 0.05, 0.75, 0.87 ],
            "area[16:9]": [ 0.10, 0.05, 0.75, 0.95 ],
            "area[427:240]": [ 0.10, 0.05, 0.75, 0.87 ],
            "border-x": 16,
            "border-y": 22,
            "font-size": 19,
            "font": "DooM.ttf",
            "font-size[427:240]": 22,
            "font-size[16:9]": 19,
            "font-size[1920x1152]": 15,
            "font-color": "list_text",
            "select-color": "list_selected",
            "text-clip": true,
            "text-wrap": false,
            "autoscroll": "slide",
            "scroll-speed": 30,
            "scroll-delay-start": 500,
            "scroll-delay-end": 500,
            "pointer": "skull.png",
            "pointer-align": [ "midright", "midleft" ],
            "pointer-size": [ 36, 18 ],
            "pointer-attach": "text",
            "pointer-offset": [ 3, 5 ],
            "pointer-flip-x": true,
            "pointer-flip-y": false,
            "click-sound": "scroll",
            "click-sound-volume": 11        },
        "theme_general_info": {
            "parent": "port_info_text_area",
            "area": [ 0.05, 0.23, 0.95, 0.4 ],
            "area[16:9]": [ 0.05, 0.19, 0.95, 0.36 ],
            "area[3:2]": [ 0.05, 0.10, 0.95, 0.30 ],
            "area[1:1]": [ 0.05, 0.18, 0.95, 0.35 ],
            "area[1920x1152]": [ 0.05, 0.02, 0.95, 0.19 ],
            "font": "AmazDooMLeft.ttf",
            "border-x": 4,
            "border-y": 5,
            "image": "rectanglelonglittle.png",
            "image-mode": "stretch",
            "font-size": 16,
            "font-size[1920x1152]": 11,
            "font-size[16:9]": 11,
            "font-color": "general_font",
            "autoscroll": "slide",
            "scroll-speed": 30,
            "scroll-delay-start": 1000,
            "scroll-delay-end": 1000,
            "text": "Creator: {theme_info.creator}\nStatus: {theme_info.status}"
        },
        "theme_desc": {
            "parent": "port_info_text_area",
            "image": "rectanglelongbig.png",
            "image-mode": "stretch",
            "border-x": 16,
            "border-y": 16,
            "area": [ 5, 65, -5, -45 ],
            "area[4:3]": [ 5, 118, -5, -50 ],
            "area[3:2]": [ 5, 59, -5, -28 ],
            "area[16:9]": [ 5, 165, -5, -100 ],
            "area[1920x1152]": [ 0.1, 0.2, 0.9, 0.7 ],
            "area[427:240]": [ 5, 145, -5, -50 ],
            "area[30:17]": [ 5, 145, -5, -65 ],
            "area[1:1]": [ 5, 165, -5, -80 ],
            "font": "AmazDooMLeft.ttf",
            "font-size": 17,
            "font-size[1920x1152]": 13,
            "font-size[16:9]": 13,
            "font-color": "general_font",
            "text-wrap": true,
            "autoscroll": "marquee",
            "scroll-speed": 60,
            "scroll-delay-start": 1500,
            "scroll-delay-end": 1500,
            "text": "{theme_info.description}"
        },
        "theme_name_back": {
            "parent": "port_info_title_area",
            "area": [ 0.1, 0.2, 0.9, 0.8 ],
            "image": "rectanglelongbig.png",
            "image-mode": "stretch",
            "font-size": 22,
            "font-color": "selection-fill",
            "align": "center"

        },

        "theme_name": {
            "parent": "port_info_title_area",
            "area": [ 0.0, 0.0, 1.0, 1.0 ],
            "text": "{theme_info.name}",
            "font-size": 22,
            "font-color": "list_selected",
            "align": "center"
        },
        "theme_image": {
            "parent": "port_info_image_area",
            "area": [ 0.0, 0.0, 1.0, 1.0 ],
            "image": "{theme_info.image}"
        },


        "#element:button_bar": {        }
    },

    "featured_ports_list": {
        "#element:background": {},

        "option_list": {
            "list": [],
            "align": "center",
            "area": [ 0.27, 0.30, 0.77, 0.85 ],
            "text-clip": true,
            "font-size": 25,
            "font-color": "list_text",
            "pointer": "skull.png",
            "pointer-align": [ "midright", "midleft" ],
            "pointer-size": [ 36, 28 ],
            "pointer-attach": "text",
            "pointer-offset": [ 3, 0 ],
            "pointer-flip-x": true,
            "pointer-flip-y": false,
            "pointer-mirror": true,
            "pointer-mirror-x": true,
            "click-sound": "scroll",
            "click-sound-volume": 32,
            "select-color": "list_selected"
        },

        "featured_port_description": {
            "text": "{featured_ports.description}",
            "font-size": 25,
            "align": "center",
            "font-color": "list_selected",
            "area": [ 0.1, 0.4, 0.9, 0.9 ],
            "text-wrap": true
        },


        "#element:button_bar": {}


    },

    "filter_list": {

        "#element:background3": {
            "blend-mode": "blend",
            "fill": "background_fade"
        },

        "filter_list_back": {
            "area": [ 0.4, 0.10, 0.9, 0.9 ],
            "area[3:2]": [ 0.4, 0.10, 0.98, 0.9 ],
            "area[1920x1152]": [ 0.4, 0.10, 0.98, 0.9 ],
            "area[16:9]": [ 0.4, 0.10, 0.98, 0.9 ],
            "area[427:240]": [ 0.4, 0.10, 0.98, 0.9 ],
            "area[30:17]": [ 0.4, 0.10, 0.98, 0.9 ],
            "image": "cube.png",
            "image-mode": "stretch",
            "align": "midleft"
        },

        "filter_list": {
            "area": [ 0.4, 0.10, 0.8, 0.85 ],
            "area[3:2]": [ 0.4, 0.08, 0.99, 0.8 ],
            "area[1920x1152]": [ 0.4, 0.1, 1.0, 0.85 ],
            "area[16:9]": [ 0.4, 0.1, 1.0, 0.85 ],
            "area[427:240]": [ 0.4, 0.1, 1.0, 0.85 ],
            "area[30:17]": [ 0.4, 0.1, 1.0, 0.85 ],
            "border-x": 16,
            "border-y": 16,
            "font-size": 18,
            "font-size[1920x1152]": 15,
            "font-size[30:17]": 15,
            "font-color": "list_text",
            "select-color": "list_selected",
            "list": [],
            "align": "midleft",
            "click-sound": "scroll",
            "click-sound-volume": 11        },
        "#element:button_bar": {}

    },
    "#element:button_bar": {},

    "message_window": {
        "#element:background4": {},

        "message_text": {
            "area": [ 0.05, 0.05, 0.95, 0.8 ],
            "fill": "panels",
            "thickness": 6,
            "text-wrap": true,
            "image": "cube.png",
            "image-mode": "stretch",
            "border": 10,
            "font-size": 24,
            "font-color": "general_font_selection",
            "align": "bottomleft",
            "text": ""
        },

        "progress_bar_back": {
            "area": [ 0.05, 0.83, 0.95, 0.90 ],
            "fill": "panels",
            "align": "midleft",
            "image": "rectanglelonglittle.png",
            "image-mode": "stretch",
            "font-size": 14,
            "font-color": "download_font",
            "border": 2,
            "thickness": 1
        },


        "progress_bar": {
            "area": [ 0.01, 0.16, 0.99, 0.86 ],
            "parent": "progress_bar_back",
            "text": "{system.progress_text}",
            "align": "midleft",
            "font-size": 14,
            "font-color": "download_font",
            "border": 2,
            "thickness": 1
        },

        "progress_bar_amount": {
            "area": [ 0.00, 0.00, 1.0, 1.00 ],
            "parent": "progress_bar",
            "text": "{system.progress_amount}",
            "align": "midright",
            "font-size": 14,
            "font-color": "download_font",
            "thickness": 1,
            "border": 2
        },


        "#element:button_bar": {}
    },

    "on_screen_keyboard": {
        "#element:background": {},

        "keyboard": {
            "font-size": 30,
            "font-color": "list_text",
            "select-color": "list_selected",
            "inactive-select-color": "list_text",
            "area": [ 0.1, 0.4, 0.9, 1.0 ],
            "barwidth": 40,
            "list": [],
            "options": [],
            "align": "center"
        },


        "#element:button_bar": {}
    },

    "message_box": {
        "#element:background4": {},

        "message_text": {
            "area": [ 0.05, 0.1, 0.95, 0.8 ],
            "area[3:2]": [ 0.05, 0.1, 0.95, 0.9 ],
            "thickness": 6,
            "image": "cube.png",
            "image-mode": "stretch",
            "border": 8,
            "font-size": 24,
            "font-color": "general_font_selection",
            "align": "center",
            "text": "",
            "text-wrap": true
        },


        "#element:button_bar": {}
    }
}