{
    "#info": {
        "version": 1,
        "name": "Hi Viz",
        "creator": "Johnny on Flame and Tekkenfede",
        "description": "A theme focused on simplicity and readability.",
        "default-scheme": "Hi Viz"
    },

    "#schemes": {
         "#base": {
            "#resources": {
                "click.wav": {
                    "name": "click"
                },

                "cancel.wav": {
                    "name": "cancel"
                },

                "scroll.wav": {
                    "name": "scroll"
                },

                "slide_up.wav": {
                    "name": "slide_up"
                },

                "slide_down.wav": {
                    "name": "slide_down"
                },

                "buttons.png": {
                    "atlas": {
                        "_A": [ 0, 0, 180, 180 ],
                        "_B": [ 180, 0, 180, 180 ],
                        "_X": [ 360, 0, 180, 180 ],
                        "_Y": [ 540, 0, 180, 180 ],
                        "_START": [ 0, 180, 360, 180 ],
                        "_SELECT": [ 360, 180, 360, 180 ],
                        "_L": [ 0, 360, 270, 180 ],
                        "_R": [ 270, 360, 270, 180 ],
                        "_UNCHECKED": [ 720, 0, 180, 180 ],
                        "_CHECKED": [ 900, 0, 180, 180 ],
                        "_MORE": [ 720, 180, 180, 180 ],
                        "_LEFT": [ 900, 180, 90, 180 ],
                        "_RIGHT": [ 990, 180, 90, 180 ],
                        "_UP": [ 900, 360, 180, 90 ],
                        "_DOWN": [ 900, 450, 180, 90 ]
                    }
                },

                "no-image.jpg": {
                    "name": "NO_IMAGE"
                }
            }
        },

		"Hi Viz": {
            "#pallet": {
                "background": [ 30, 30, 30 ],
                "background_fade": [ 50, 50, 50, 0 ],
                "list_text": [ 196, 196, 196 ],
                "list_selected": [ 0, 122, 204 ],
                "list_unselectable": [ 86, 182, 194 ],
                "button": [ 196, 196, 196 ],
                "general_font": [ 204, 204, 204 ],
                "download_font": [ 204, 204, 204 ],
                "panels": [ 37, 37, 38 ],
                "selection-fill": [ 50, 80, 155 ],
                "secondary-selection-fill": [ 0, 0, 0 ]
            },

            "#resources": {
                "buttons.png": {
                    "image-mod": [ 255, 255, 255 ]
                }
            }
        }
    },

    "#base": {
        "font": "Inter-Medium.otf",
        "font[zh_TW]": "NotoSansTC-Regular.ttf",
        "font[zh_CN]": "NotoSansSC-Regular.ttf",
        "font[zh_HK]": "NotoSansHK-Regular.ttf",
        "font[ko_KR]": "NotoSansKR-Regular.ttf",
        "font[ja_JP]": "NotoSansJP-Regular.ttf",
        "font-scale[hires,!960x544]": 1.4,
        "font-scale[1920x1152]": 2.0,
        "font-scale[1920x1080]": 2.0,
        "font-scale[3:2]": 0.7
    },

    "#elements": {
        "left_pane": {
            "comment": "Left side of the screen.",
            "area": [ 0.0, 0.0, 0.4, 1.0 ],
            "area[wide]": [ 0.0, 0.0, 0.35, 1.0 ]
        },

        "left_pane_featured": {
            "comment": "Left side of the screen.",
            "area": [ 0.0, 0.0, 0.4, 1.0 ],
            "area[wide]": [ 0.0, 0.0, 0.35, 1.0 ]
        },

        "right_pane": {
            "comment": "Right side of the screen.",
            "area": [ 0.4, 0.0, 1.0, 1.0 ],
            "area[wide]": [ 0.35, 0.0, 1.0, 1.0 ]
        },
		
        "port_info_list_area": {
            "comment": "List area",
            "parent": "left_pane",
            "area": [ 0.0, 0.0, 1.0, 1.0 ]
        },
		
        "port_info_list_area_featured": {
            "comment": "List area",
            "parent": "left_pane_featured",
            "area": [ 0.0, 0.0, 1.0, 1.0 ]
        },

        "port_info_area": {
            "comment": "The area used for the info text/image",
            "parent": "right_pane",
            "area": [ 0.0, 0.0, 1.0, 1.0 ]
        },
		
        "port_info_title_area": {
            "comment": "Port Title",
            "parent": "port_info_area",
            "area": [ 0.0, 0.0, 1.0, 0.1 ]
        },
		
        "port_info_image_area": {
            "comment": "Port image",
            "parent": "port_info_area",
            "area": [ 0.0, 0.0, 1.0, 0.35 ]
        },

        "port_info_image_area_featured": {
            "comment": "Port image",
            "parent": "port_info_area",
            "area": [ 0.0, 0.0, 1.0, 0.40 ]
        },

        "port_info_text_area": {
            "comment": "Port Info",
            "parent": "port_info_area",
            "area": [ 0.0, 0.35, 1.0, 1.0 ]
        },

        "port_info_title_area_featured": {
            "comment": "Port Info",
            "area": [ 0.0, 0.0, 1.0, 0.1 ]
        },

        "background": {
            "area": [ 0.0, 0.0, 1.0, 1.0 ],
            "fill": "background",
            "border": 8,
            "font-size": 36,
            "font-color": "general_font",
            "music": null,
            "music-volume": 50
        },

        "port_info_popup_desc_area": {
            "comment": "Port Description",
            "area": [ 0.0, 0.15, 1.0, 1.0 ]
        },
		
        "button_bar": {
            "area": [ 0.0, 0.93, 0.95, -5 ],
            "font-size": 24,
            "font-size[ja_JP]": 17,
            "font-color": "general_font",
            "align": "midright",
            "button-sound": "click",
            "button-sound-volume": 96,
            "button-sound-alt": "cancel",
            "button-sound-alt-volume": 96,
            "bar": [
                "_A",
                "Accept",
                "_B",
                "Back"
            ]
        },
		
        "option_list": {
            "area": [ 0.0, 0.0, 1.0, 1.0 ],
            "border": 0,
            "font-size": 28,
            "font-color": "list_text",
            "select-color": "list_selected",
            "no-select-color": "list_unselectable",
            "inactive-select-color": "list_unselectable",
            "text-clip": true,
            "thickness": 10,
            "click-sound": "scroll",
            "click-sound-volume": 96
        },

        "options_top_pane": {
            "comment": "Top pane for the options menu",
            "area": [ 0.0, 0.0, 1.0, 0.74 ]
        },

        "options_bottom_pane": {
            "comment": "Bottom pane for the options menu",
            "area": [ 0.0, 0.72, 1.0, 1.0 ]
        }
    },

    "ports_list": {
        "#element:background": {},

        "port_info": {
            "parent": "port_info_area",
            "area": [ 0.0, 0.0, 1.0, 1.0 ],
            "fill": "panels",
            "thickness": 10,
            "border": 8,
            "text": "",
            "font-size": 24,
            "font-color": "general_font",
            "text-wrap": true
        },
		
        "ports_list": {
            "parent": "port_info_list_area",
            "area": [ 0.0, 8, 1.0, -8 ],
            "area[hires,!960x544]": [ 0.0, 16, 1.0, -16 ],
            "area[1920x1152]": [ 0.0, 32, 1.0, -32 ],
            "area[1920x1080]": [ 0.0, 32, 1.0, -32 ],
            "border-x": 8,
            "border-x[hires,!960x544]": 16,
            "border-x[1920x1152]": 32,
            "border-x[1920x1080]": 32,
            "font-size": 24,
            "select-color": "list_selected",
            "text-clip": true,
            "text-wrap": false,
            "autoscroll": "slide",
            "scroll-speed": 15,
			"scroll-amount": 2,
            "scroll-delay-start": 500,
            "scroll-delay-end": 500,
            "click-sound": "scroll",
            "click-sound-volume": 96
        },
		
        "port_text": {
            "parent": "port_info_text_area",
            "area": [ 8, 8, -8, -48 ],
            "area[3:2]": [ 8, 8, -8, -36 ],
            "area[hires,!960x544]": [ 16, 16, -16, -64 ],
            "area[1920x1152]": [ 32, 32, -32, -116 ],
            "area[1920x1080]": [ 32, 32, -32, -116 ],
            "font-size": 22,
            "font-color": "general_font",
            "text-wrap": true,
            "text": "• Porter: {port_info.porter}\n• Genres: {port_info.genres}\n• Description: {port_info.description}",
            "autoscroll": "marquee",
            "scroll-speed": 16,
            "scroll-delay-start": 1500,
            "scroll-delay-end": 1500
        },

        "#element:button_bar": {},

        "port_image": {
            "parent": "port_info_image_area",
            "area": [ 0, 8, 1.0, 1.0 ],
			"area[hires,!960x544]": [ 0, 16, 1.0, 1.0 ],
			"area[1920x1152]": [ 0, 32, 1.0, 1.0 ],
			"area[1920x1080]": [ 0, 32, 1.0, 1.0 ],
            "image": "{port_info.image}"
        }
    },

    "port_info": {
        "#element:background": {},
        "#element:button_bar": {
            "click-sound": "scroll",
            "click-sound-volume": 96
        },

        "port_title": {
            "text": "{port_info.title}",
            "area": [ 0.00, 0.00, 1.00, 0.1 ],
            "font-size": 24,
            "font-color": "list_selected",
            "autoscroll": null,
            "text-wrap": false,
            "align": "center"
        },

        "port_image": {
            "area": [ 16, 0.1, -16, 0.9 ],
            "image": "{port_info.image}",
            "align": "midcenter"
        }
    },

    "port_info_popup": {
        "port_desc_pane": {
            "parent": "port_info_popup_desc_area",
            "fill": "panels",
            "area": [ 0.0, 0.0, 1.0, 1.0 ]
        },

        "port_general_info": {
            "parent": "port_desc_pane",
            "area": [ 8, 8, -8, -48 ],
            "area[3:2]": [ 8, 8, -8, -36 ],
            "area[hires,!960x544]": [ 16, 16, -16, -64 ],
            "area[1920x1152]": [ 32, 32, -32, -116 ],
            "area[1920x1080]": [ 32, 32, -32, -116 ],
            "font-size": 24,
            "font-color": "general_font",
            "text-wrap": true,
            "text": "• Genres: {port_info.genres}\n• Download Size: {port_info.download_size}{if:port_info.runtime}\n• Runtime: {port_info.runtime} ({port_info.runtime_status}){endif}\n• Description: {port_info.description}\n• Instructions:\n{port_info.instructions}",
            "autoscroll": "marquee",
            "scroll-speed": 16,
            "scroll-delay-start": 1500,
            "scroll-delay-end": 1500
        },
        
        "#element:button_bar": {
            "button-sound": "slide_up",
            "button-sound-volume": 64,
            "button-sound-alt": "slide_down",
            "button-sound-alt-volume": 64
        }
    },        

    "main_menu": {
        "#element:background": {},
        "#element:button_bar": {},

        "#element:option_list": {
            "parent": "options_top_pane",
            "list": [],
            "options": [],
            "list-header": "PortMaster",
            "list-header-add-blank": true,
            "align": "center",
            "area": [ 8, 32, -8, 1.0 ],
            "area[3:2]": [ 8, 24, -8, 1.0 ],
            "area[hires,!960x544]": [ 16, 64, -16, 1.0 ],
            "area[1920x1152]": [ 16, 80, -16, 1.0 ],
            "area[1920x1080]": [ 16, 80, -16, 1.0 ]
        },

        "option_description": {
            "area": [ 8, 8, -8, -8 ],
            "area[3:2]": [ 8, 8, -8, -8 ],
            "area[hires,!960x544]": [ 16, 16, -16, -16 ],
            "area[1920x1152]": [ 16, 16, -16, -16 ],
            "area[1920x1080]": [ 16, 16, -16, -16 ],
            "parent": "options_bottom_pane",
            "text": "{scene.tooltip}",
            "font-size": 24,
            "font-color": "general_font",
            "align": "center",
            "text-wrap": true
        },
        
        "os_info": {
            "text": "PM: {system.portmaster_version}, HM: {system.harbourmaster_version}",
            "font-size": 18,
            "font-color": "general_font",
            "area": [ 8, 8, -8, -8 ],
            "area[hires,!960x544]": [ 16, 16, -16, -16 ],
            "area[1920x1152]": [ 32, 32, -32, -32 ],
            "area[1920x1080]": [ 32, 32, -32, -32 ],
            "align": "bottomleft"
        }
    },

    "option_menu": {
        "#element:background": { "music": null },
        "#element:button_bar": {},

        "#element:option_list": {
            "parent": "options_top_pane",
            "list": [],
            "options": [],
            "align": "center",
            "area": [ 8, 32, -8, 1.0 ],
            "area[3:2]": [ 8, 24, -8, 1.0 ],
            "area[hires,!960x544]": [ 16, 64, -16, 1.0 ],
            "area[1920x1152]": [ 16, 80, -16, 1.0 ],
            "area[1920x1080]": [ 16, 80, -16, 1.0 ],
            "autoscroll": "slide",
            "scroll-speed": 30,
            "scroll-delay-start": 1500,
            "scroll-delay-end": 1500
        },

        "option_description": {
            "area": [ 8, 8, -8, -8 ],
            "area[3:2]": [ 8, 8, -8, -8 ],
            "area[hires,!960x544]": [ 16, 16, -16, -16 ],
            "area[1920x1152]": [ 16, 16, -16, -16 ],
            "area[1920x1080]": [ 16, 16, -16, -16 ],
            "parent": "options_bottom_pane",
            "text": "{scene.tooltip}",
            "font-size": 24,
            "font-color": "general_font",
            "align": "center",
            "text-wrap": true
        }
    },
    
    "themes_list": {
        "#element:background": {},

        "port_info": {
            "parent": "port_info_area",
            "area": [ 0.0, 0.0, 1.0, 1.0 ],
            "fill": "panels"
        },

        "themes_list": {
            "parent": "port_info_list_area",
            "area": [ 0.0, 8, 1.0, -8 ],
            "area[hires,!960x544]": [ 0.0, 16, 1.0, -16 ],
            "area[1920x1152]": [ 0.0, 32, 1.0, -32 ],
            "area[1920x1080]": [ 0.0, 32, 1.0, -32 ],
            "border-x": 8,
            "border-x[hires,!960x544]": 16,
            "border-x[1920x1152]": 32,
            "border-x[1920x1080]": 32,
            "font-size": 24,
            "select-color": "list_selected",
            "text-clip": true,
            "text-wrap": false,
            "autoscroll": "slide",
            "scroll-speed": 15,
			"scroll-amount": 2,
            "scroll-delay-start": 500,
            "scroll-delay-end": 500,
            "click-sound": "scroll",
            "click-sound-volume": 96
        },

        "theme_general_info": {
            "parent": "port_info_text_area",
            "area": [ 8, 8, -8, -48 ],
            "area[3:2]": [ 8, 8, -8, -36 ],
            "area[hires,!960x544]": [ 16, 16, -16, -64 ],
            "area[1920x1152]": [ 32, 32, -32, -116 ],
            "area[1920x1080]": [ 32, 32, -32, -116 ],
            "font-size": 22,
            "font-color": "general_font",
            "text-wrap": true,
            "text": "• Creator: {theme_info.creator}\n• Status: {theme_info.status}\n• Description:\n{theme_info.description}",
            "autoscroll": "marquee",
            "scroll-speed": 16,
            "scroll-delay-start": 1500,
            "scroll-delay-end": 1500
        },

        "#element:button_bar": {},

        "theme_image": {
            "parent": "port_info_image_area",
            "area": [ 0, 8, 1.0, 1.0 ],
			"area[1920x1152]": [ 0, 16, 1.0, 1.0 ],
			"area[1920x1080]": [ 0, 16, 1.0, 1.0 ],
            "image": "{theme_info.image}"
        }
    },

    "runtime_list": {
        "#element:background": { "music": null },
        "#element:button_bar": {},

        "right_pane": {
            "parent": "port_info_area",
            "area": [ 0.0, 0.0, 1.0, 1.0 ],
            "fill": "panels"
        },

        "#element:option_list:runtime_list": {
            "list": [],
            "options": [],
            "parent": "port_info_list_area",
            "area": [ 0.0, 8, 1.0, -8 ],
            "area[hires,!960x544]": [ 0.0, 16, 1.0, -16 ],
            "area[1920x1152]": [ 0.0, 32, 1.0, -32 ],
            "area[1920x1080]": [ 0.0, 32, 1.0, -32 ],
            "border-x": 8,
            "border-x[hires,!960x544]": 16,
            "border-x[1920x1152]": 32,
            "border-x[1920x1080]": 32,
            "font-size": 24,
            "select-color": "list_selected",
            "text-clip": true,
            "text-wrap": false,
            "autoscroll": "slide",
            "scroll-speed": 15,
			"scroll-amount": 2,
            "scroll-delay-start": 500,
            "scroll-delay-end": 500,
            "click-sound": "scroll",
            "click-sound-volume": 96
        },

        "option_description": {
            "parent": "port_info_area",
            "area": [ 8, 8, -8, -48 ],
            "area[3:2]": [ 8, 8, -8, -36 ],
            "area[hires,!960x544]": [ 16, 16, -16, -64 ],
            "area[1920x1152]": [ 32, 32, -32, -116 ],
            "area[1920x1080]": [ 32, 32, -32, -116 ],
            "font-size": 22,
            "font-color": "general_font",
            "text-wrap": true,
            "text": "Name: {runtime_info.name}\nStatus: {runtime_info.status}\nPorts: {runtime_info.ports}\nDownload Size: {runtime_info.download_size}\nInstall Size: {runtime_info.disk_size}",
            "autoscroll": "marquee",
            "scroll-speed": 16,
            "scroll-delay-start": 1500,
            "scroll-delay-end": 1500
        }
    },

    "on_screen_keyboard": {
        "#element:background": {},
        "keyboard": {
            "font-size": 28,
            "font-color": "list_text",
            "select-color": "list_selected",
            "no-select-color": "list_unselectable",
            "inactive-select-color": "list_unselectable",
            "area": [ 0.1, 0.4, 0.9, 1.0 ],
            "barwidth": 40,
            "list": [],
            "options": [],
            "align": "center",
            "click-sound": "scroll",
            "click-sound-volume": 96
        }
    },

    "filter_list": {
        "#element:background": {
            "blend-mode": "blend",
            "fill": "background_fade"
        },
        "#element:button_bar": {},

        "filter_list": {
		    "area": [ 0.4, 8, 1.0, 1.0 ],
			"area[3:2]": [ 0.4, 8, 1.0, 1.0 ],
            "area[hires,!960x544]": [ 0.4, 16, 1.0, 1.0 ],
            "area[1920x1152]": [ 0.4, 16, 1.0, 1.0 ],
            "area[1920x1080]": [ 0.4, 16, 1.0, 1.0 ],
            "fill": "panels",
            "font-size": 22,
            "font-size[ja_JP]": 17,
            "font-color": "list_text",
            "select-color": "list_selected",
            "no-select-color": "list_unselectable",
            "inactive-select-color": "list_unselectable",
            "list-spacer": 3,
            "list": [],
            "align": "midleft"
        }
    },

    "message_window": {
        "#element:background": {},
        "#element:button_bar": {},
        "message_text": {
            "area": [ 0.05, 0.05, 0.95, 0.8 ],
            "fill": "panels",
            "thickness": 6,
            "text-wrap": true,
            "border": 10,
            "font-size": 24,
            "font-color": "general_font",
            "align": "bottomleft",
            "text": ""
        },

        "progress_bar": {
            "area": [ 0.05, 0.83, 0.95, 0.90 ],
            "fill": "panels",
            "progress-fill": "selection-fill",
            "text": "{system.progress_text}",
            "align": "midleft",
            "font-size": 20,
            "border-x": 8,
            "border-x[hires,!960x544]": 16,
            "border-x[1920x1152]": 32,
            "border-x[1920x1080]": 32,
            "font-color": "download_font",
            "border": 2,
            "thickness": 1
        },

        "progress_bar_amount": {
            "area": [ 0.05, 0.83, 0.95, 0.90 ],
            "text": "{system.progress_amount}",
            "align": "midright",
            "font-size": 20,
            "border-x": 8,
            "border-x[hires,!960x544]": 16,
            "border-x[1920x1152]": 32,
            "border-x[1920x1080]": 32,
            "font-color": "download_font",
            "thickness": 1,
            "border": 2
        }
    },

    "featured_ports_list": {
        "#element:background": {},
        "#element:button_bar": {},

        "#element:option_list": {
            "parent": "options_top_pane",
            "list": [],
            "list-header": "Featured Ports",
            "list-header-add-blank": true,
            "align": "center",
            "area": [ 8, 32, -8, 1.0 ],
            "area[3:2]": [ 8, 24, -8, 1.0 ],
            "area[hires,!960x544]": [ 16, 64, -16, 1.0 ],
            "area[1920x1152]": [ 16, 80, -16, 1.0 ],
            "area[1920x1080]": [ 16, 80, -16, 1.0 ]
        },

        "featured_port_description": {
            "parent": "options_bottom_pane",
            "area": [ 8, 8, -8, -8 ],
            "area[3:2]": [ 8, 8, -8, -8 ],
            "area[hires,!960x544]": [ 16, 16, -16, -16 ],
            "area[1920x1152]": [ 16, 16, -16, -16 ],
            "area[1920x1080]": [ 16, 16, -16, -16 ],
            "text": "{featured_ports.description}",
            "font-size": 24,
            "align": "center",
            "font-color": "general_font",
            "text-wrap": true
        }
    },

    "message_box": {
        "#element:background": {},
        "#element:button_bar": {},

        "message_text": {
            "area": [ 0.05, 0.2, 0.95, 0.8 ],
            "area[3:2]": [ 0.05, 0.2, 0.95, 0.9 ],
            "autoscroll": "marquee",
            "scroll-speed": 40,
            "scroll-delay-start": 1500,
            "scroll-delay-end": 1500,
            "fill": "panels",
            "thickness": 6,
            "border": 8,
            "font-size": 24,
            "font-color": "general_font",
            "align": "center",
            "text": "",
            "text-wrap": true
        }
    },

    "blank": {
        "#element:background": {},
        "#element:button_bar": {}
    },

    "selection_list": {
        "#element:background": {},

        "#element:option_list:selection_list": {
            "area": [ 0.0, 0.0, 1.0, 1.0 ],
            "list": [],
            "text-clip": true,
            "align": "midleft"
        },

        "#element:button_bar": {}
    },

    "selection_list_description": {
        "#element:background": {},
        "#element:button_bar": {},

        "#element:option_list:selection_list": {
            "area": [ 0.0, 0.0, 1.0, 1.0 ],
            "list": [],
            "text-clip": true,
            "align": "midleft"
        },

        "selection_description": {
            "area": [ 0.0, 0.5, 1.0, 1.0 ],
            "text": "{selection_list.description}",
            "font-color": "general_font",
            "font-size": 20,
            "text-wrap": true,

            "autoscroll": "marquee",

            "scroll-speed": 40,
            "scroll-delay-start": 1500,
            "scroll-delay-end": 1500
        }
    },

    "selection_list_images": {
        "#element:background": {},

        "#element:option_list:selection_list": {
            "area": [ 0.0, 0.0, 0.5, 1.0 ],
            "list": [],
            "text-clip": true,
            "align": "midleft"
        },
        
        "#element:button_bar": {},

        "selection_image": {
            "area": [ 0.5, 0.0, 1.0, 1.0 ],
            "image": "{selection_list.image}"
        }
    },

    "selection_list_description_images": {
        "#element:background": {},
        "#element:button_bar": {},

        "#element:option_list:selection_list": {
            "area": [ 0.0, 0.0, 0.5, 0.5 ],
            "list": [],
            "text-clip": true,
            "align": "midleft"
        },

        "selection_image": {
            "area": [ 0.5, 0.0, 1.0, 0.5 ],
            "image": "{selection_list.image}"
        },

        "selection_description": {
            "area": [ 0.0, 0.5, 1.0, 1.0 ],
            "text": "{selection_list.description}",

            "font-color": "general_font",
            "font-size": 20,
            "text-wrap": true,

            "autoscroll": "marquee",

            "scroll-speed": 40,
            "scroll-delay-start": 1500,
            "scroll-delay-end": 1500
        }
    }
}
