{
    "#info": {
        "version": 1,
        "name": "Zelda",
        "creator": "Tekkenfede",
        "description": "TLOZ:ALTTP Theme made by Tekkenfede."
    },
    "#base": {

        "font": "PressStart2P-vaV7.ttf",
        "font-scale[30:17]": 1.0,
        "font-scale[1920x1152]": 2.0,
        "font-scale[1280x720|1920x1080]": 1.3,
        "font-scale[3:2]": 0.85,
        "font-scale[4:3]": 0.65,
        "font-scale[427:240|1280x800]": 0.9
    },

    "#pallet": {
        "background": [ 85, 85, 85, 255 ],
        "background_fade": [ 50, 50, 50, 85 ],
        "list_text": [ 180, 180, 15, 255 ],
        "list_selected": [ 255, 255, 15, 255 ],
        "list_unselectable": [ 128, 0, 0, 255 ],
        "button": [ 255, 255, 15, 255 ],
        "general_font": [ 255, 255, 15, 255 ],
        "download_font": [ 0, 0, 0 ],
        "panels": [ 110, 110, 110 ],
        "selection-fill": [ 50, 80, 155 ],
        "secondary-selection-fill": [ 53, 53, 53 ]
    },


    "#resources": {
        "click.ogg": {
            "name": "click"
        },

        "zeldamain.png": {
            "atlas": {
                "_back": [ 250, 200, 1280, 960 ],
                "_backlittle": [ 250, 220, 600, 400 ],
                "_back16-9": [ 250, 220, 1280, 720 ],
                "_back30-17": [ 250, 220, 960, 544 ],
                "_back427-240": [ 250, 220, 854, 480 ],
                "_backdeck": [ 500, 150, 1280, 800 ],
                "_back5-3": [ 250, 220, 1920, 1152 ],
                "_back1-1": [ 500, 150, 720, 720 ]




            }
        },

        "zeldalist.png": {
            "atlas": {
                "_back2": [ 500, 150, 1280, 960 ],
                "_backlistlittle": [ 500, 150, 600, 400 ],
                "_backlist16-9": [ 500, 150, 1280, 720 ],
                "_backlist30-17": [ 500, 150, 960, 544 ],
                "_backlist427-240": [ 500, 150, 854, 480 ],
                "_backlist5-3": [ 500, 150, 1920, 1152 ],
                "_backlistdeck": [ 500, 150, 1280, 800 ],
                "_backlist1-1": [ 500, 150, 720, 720 ]


            }
        },
        "buttons.png": {
            "image-mod": [ 255, 255, 15, 255 ],
            "atlas": {
                "_A": [ 0, 0, 180, 180 ],
                "_B": [ 180, 0, 180, 180 ],
                "_X": [ 360, 0, 180, 180 ],
                "_Y": [ 540, 0, 180, 180 ],
                "_START": [ 0, 180, 360, 180 ],
                "_SELECT": [ 360, 180, 360, 180 ],
                "_L": [ 0, 360, 270, 180 ],
                "_R": [ 270, 360, 270, 180 ],
                "_UNCHECKED": [ 720, 0, 180, 180 ],
                "_CHECKED": [ 900, 0, 180, 180 ],
                "_MORE": [ 720, 180, 180, 180 ],
                "_LEFT": [ 900, 180, 90, 180 ],
                "_RIGHT": [ 990, 180, 90, 180 ],
                "_UP": [ 900, 360, 180, 90 ],
                "_DOWN": [ 900, 450, 180, 90 ]
            }
        },
        "no-image.jpg": {
            "name": "NO_IMAGE"
        },
        "pointenfedde.png": {
            "image-mod": [ 255, 255, 255 ]
        },
        "zeldabig.png": {},
        "zeldared.png": {},
        "zeldaimage.png": {},
        "hearts.png": {
            "atlas": {
                "hearts_0": [ 350, 0, 350, 32 ],
                "hearts_10": [ 315, 0, 350, 32 ],
                "hearts_20": [ 280, 0, 350, 32 ],
                "hearts_30": [ 245, 0, 350, 32 ],
                "hearts_40": [ 210, 0, 350, 32 ],
                "hearts_50": [ 175, 0, 350, 32 ],
                "hearts_60": [ 140, 0, 350, 32 ],
                "hearts_70": [ 105, 0, 350, 32 ],
                "hearts_80": [ 70, 0, 350, 32 ],
                "hearts_90": [ 35, 0, 350, 32 ],
                "hearts_100": [ 1, 0, 350, 32 ]
            }
        }
    },





    "#elements": {
        "left_pane": {
            "comment": "Left side of the screen.",
            "area": [ 0.0, 0.0, 0.5, 1.0 ],
            "area[3:2]": [ 0.0, 0.0, 0.4, 1.0 ],
            "area[wide]": [ 0.0, 0.0, 0.4, 1.0 ]
        },
        "right_pane": {
            "comment": "Right side of the screen.",
            "area": [ 0.5, 0.0, 1.0, 1.0 ],
            "area[3:2]": [ 0.4, 0.0, 1.0, 1.0 ],
            "area[wide]": [ 0.4, 0.0, 1.0, 1.0 ]
        },

        "bottom_pane": {
            "comment": "Right side of the screen.",
            "area": [ 0.1, 0.0, 0.9, 1.0 ]
        },

        "port_info_list_area": {
            "comment": "List area",
            "parent": "left_pane",
            "area": [ 0.0, 0.0, 1.0, 1.0 ]
        },
        "port_info_area": {
            "comment": "The area used for the info text/image",
            "parent": "right_pane",
            "area": [ 0.0, 0.0, 1.0, 1.0 ]
        },
        "port_info_title_area": {
            "comment": "Port Title",
            "parent": "port_info_area",
            "area": [ 0.0, 0.0, 1.0, 0.1 ]
        },
        "port_info_image_area": {
            "comment": "Port image",
            "parent": "port_info_area",
            "area": [ 0.0, 0.1, 1.0, 0.4 ],
            "area[hires]": [ 0.0, 0.1, 1.0, 0.5 ],
            "area[4:3]": [ 0.0, 0.1, 1.0, 0.5 ]
        },

        "port_info_text_area2": {
            "comment": "Port Info",
            "parent": "right_pane",
            "area": [ 0.0, 0.4, 0.95, 1.0 ],
            "area[1920x1152, hires]": [ 0.0, 0.5, 0.95, 1.0 ]
        },

        "port_info_text_area": {
            "comment": "Port Info",
            "parent": "bottom_pane",
            "area": [ 0.0, 0.4, 1.0, 1.0 ],
            "area[1920x1152, hires]": [ 0.0, 0.5, 1.0, 1.0 ]
        },
        "background": {
            "area": [ 0.0, 0.0, 1.0, 1.0 ],
            "image": "_back",
            "image[3:2]": "_backlittle",
            "image[1280x720|1280x800|1920x1080]": "_back16-9",
            "image[1280x800]": "_backdeck",
            "image[30:17]": "_back30-17",
            "image[427:240]": "_back427-240",
            "image[1920x1152]": "_back5-3",
            "image[1:1]": "_back1-1",
            "image-align": "center",
            "border": 8,
            "font-size": 36,
            "font-color": "general_font",
            "music": "title_theme.ogg",
            "music-volume": 50
        },

        "background2": {
            "area": [ 0.0, 0.0, 1.0, 1.0 ],
            "image": "_back2",
            "image[3:2]": "_backlistlittle",
            "image[1280x720|1920x1080]": "_backlist16-9",
            "image[1280x800]": "_backlistdeck",
            "image[30:17]": "_backlist30-17",
            "image[427:240]": "_backlist427-240",
            "image[1920x1152]": "_backlist5-3",
            "image[1:1]": "_backlist1-1",
            "image-align": "center",
            "border": 8,
            "font-size": 36,
            "font-color": "general_font",
            "music": "zelda_main_theme-_1_.ogg",
            "music-volume": 50
        },

        "background3": {
            "area": [ 0.0, 0.0, 1.0, 1.0 ],
            "image": "_back2",
            "image[3:2]": "_backlistlittle",
            "image[1280x720|1920x1080]": "_backlist16-9",
            "image[1280x800]": "_backlistdeck",
            "image[30:17]": "_backlist30-17",
            "image[427:240]": "_backlist427-240",
            "image[1920x1152]": "_backlist5-3",
            "image[1:1]": "_backlist1-1",
            "image-align": "center",
            "border": 8,
            "font-size": 36,
            "font-color": "general_font",
            "music": "fairy_theme.ogg",
            "music-volume": 40
        },

        "background4": {
            "area": [ 0.0, 0.0, 1.0, 1.0 ],
            "border": 8,
            "font-size": 36,
            "font-color": "general_font",
            "music": "zelda_main_theme-_1_.ogg",
            "music-volume": 50
        },


        "button_bar": {
            "area": [ 0.0, 0.93, 0.95, -20 ],
            "area[3:2]": [ 0.0, 0.93, 0.95, -5 ],
            "font-size": 16,
            "font-size[3:2]": 11,
            "font-color": "general_font",
            "align": "midright",
            "bar": [
                "_A",
                "Accept",
                "_B",
                "Back"
            ],
            "button-sound": "click"
        },
        "option_list": {
            "area": [ 0.1, 0.44, 0.9, 0.9 ],
            "border": 8,
            "font-size": 30,
            "font-size[3:2]": 18,
            "font-color": "list_text",
            "select-color": "list_selected",
            "text-clip": false,
            "thickness": 10
        }
    },
    "ports_list": {
        "#element:background2": {},
        "port_info": {
            "parent": "port_info_area",
            "area": [ 0.0, 0.0, 1.0, 1.0 ],
            "thickness": 10,
            "border": 8,
            "text": "",
            "font-size": 24,
            "font-color": "general_font",
            "text-wrap": true
        },
        "ports_list_back": {
            "parent": "port_info_list_area",
            "area": [ 0.02, 0.01, 1.0, 0.53 ],
            "area[3:2]": [ 0.02, 0.01, 1.0, 0.53 ],
            "font-size": 17,
            "image-mode": "stretch",
            "image": "zeldabig.png"
        },

        "ports_list": {
            "parent": "port_info_list_area",
            "area": [ 0.0, 0.02, 1.0, 0.5 ],
            "border-x": 16,
            "border-x[1920x1152|1920x1080]": 27,
            "border-y": 5,
            "font-size": 17,
            "font-size[3:2]": 12,
            "font-size[427:240]": 22,
            "font-size[1280x720|1280x800|1920x1080]": 19,
            "font-size[1920x1152]": 13,
            "select-fill": "selection-fill",
            "font-color": "list_text",
            "select-color": "list_selected",
            "text-clip": true,
            "text-wrap": false,
            "autoscroll": "slide",
            "scroll-speed": 30,
            "scroll-delay-start": 500,
            "scroll-delay-end": 500
        },

        "port_filters_back": {
            "area": [ 0.1, 0.56, 0.90, 0.67 ],
            "area[1920x1152|1280x720|1280x800|1920x1080|30:17]": [ 0.1, 0.538, 0.90, 0.64 ],
            "area[1:1]": [ 0.1, 0.55, 0.90, 0.68 ],
            "font-size": 14,
            "parent": "left_pane",
            "patch[1920x1152|1280x720|1280x800|1920x1080|30:17|4:3|427:240]": [ 24, 32, 24, 32 ],
            "image-mode[3:2|1:1]": "stretch",
            "image": "zeldaimage.png"
        },

        "port_filters": {
            "text": "Filters: {if:!ports_list.total_ports::ports_list.filter_ports} {ports_list.filters}{endif}",
            "area": [ 0.07, 0.6, 0.9, 0.65 ],
            "area[3:2]": [ 0.07, 0.59, 0.95, 0.63 ],
            "area[4:3]": [ 0.07, 0.59, 0.9, 0.65 ],
            "area[1920x1152|1280x720|1280x800|1920x1080]": [ 0.07, 0.55, 0.95, 0.62 ],
            "area[1:1]": [ 0.07, 0.57, 0.95, 0.65 ],
            "area[30:17]": [ 0.07, 0.56, 0.95, 0.62 ],
            "font-size": 14,
            "font-size[3:2]": 9,
            "font-size[30:17]": 9,
            "border-x": 22,
            "border-x[1920x1152|1280x720|1280x800|1920x1080|30:17]": 45,
            "parent": "left_pane",
            "align": "topleft",
            "font-color": "list_selected",
            "text-wrap": true,
            "autoscroll": "marquee",
            "scroll-speed": 40,
            "scroll-delay-start": 1500,
            "scroll-delay-end": 1500
        },

        "port_general_info_back": {
            "parent": "port_info_text_area2",
            "area": [ 0.05, 0.25, 1.0, 0.47 ],
            "area[30:17]": [ 0.05, 0.23, 1.0, 0.41 ],
            "area[1920x1152]": [ 0.05, 0.08, 1.0, 0.25 ],
            "area[1280x720|1280x800|1920x1080]": [ 0.05, 0.23, 1.0, 0.41 ],
            "patch": [ 0, 25, 32, 25 ],
            "image": "zeldalittle.png"

        },

        "port_general_info": {
            "parent": "port_info_text_area2",
            "area": [ 0.05, 0.22, 1.0, 1.0 ],
            "area[3:2|1920x1152|1280x720|1280x800|1920x1080|30:17]": [ 0.0, 0.0, 1.0, 1.0 ],
            "parent[3:2|1920x1152|1280x720|1280x800|1920x1080|30:17]": "port_general_info_back",
            "font-size": 14,
            "font-size[3:2]": 10,
            "border-x": 16,
            "border-y": 16,
            "font-size[1920x1152]": 11,
            "font-size[1280x720|1280x800|1920x1080]": 11,
            "autoscroll[3:2|30:17]": "marquee",
            "scroll-speed[3:2|30:17]": 60,
            "scroll-delay-start[3:2|30:17]": 1500,
            "scroll-delay-end[3:2|30:17]": 1500,
            "font-color": "general_font",
            "text-wrap": true,
            "text": "Genres: {port_info.genres}\nDownload Size: {port_info.download_size}{if:port_info.runtime}\nRuntime: {port_info.runtime} ({port_info.runtime_status}){endif}"
        },
        "port_desc_back": {
            "parent": "port_info_text_area",
            "image-mode": "stretch",
            "image": "zeldared.png",
            "area[30:17]": [ 5, 149, -5, -60 ],
            "area": [ 5, 145, -5, -55 ],
            "area[3:2]": [ 5, 100, -5, -25 ],
            "area[1920x1152]": [ 5, 170, -5, -82 ],
            "area[1920x1080]": [ 5, 280, -5, -80 ],
            "area[1280x800]": [ 5, 220, -5, -80 ],
            "area[1:1]": [ 5, 220, -5, -53 ],
            "area[1280x720]": [ 5, 180, -5, -82 ]

        },

        "port_desc": {
            "parent": "port_info_text_area",
            "parent[3:2|1920x1152|1280x720|1280x800|1920x1080|30:17]": "port_desc_back",
            "area": [ 5, 145, -5, -60 ],
            "area[1:1]": [ 5, 225, -5, -50 ],
            "area[3:2|1920x1152|1280x720|1280x800|1920x1080|30:17]": [ 0.0, 0.0, 1.0, 1.0 ],
            "font-size": 17,
            "font-size[1920x1152]": 13,
            "font-size[3:2]": 13,
            "border-x": 16,
            "border-y": 16,
            "font-size[1280x720|1280x800|1920x1080]": 13,
            "font-color": "general_font",
            "text-wrap": true,
            "autoscroll": "marquee",
            "scroll-speed": 60,
            "scroll-delay-start": 1500,
            "scroll-delay-end": 1500,
            "text": "{port_info.description}"
        },
        "port_image_back": {
            "parent": "right_pane",
            "area": [ 0.05, 0.01, 0.95, 0.53 ],
            "patch": [ 32, 32, 32, 32 ],
            "image": "zeldaimage.png"

        },
        "port_title": {
            "parent": "port_info_title_area",
            "area": [ 0.1, 0.3, 0.9, 1.0 ],
            "text": "{port_info.title}",
            "font-size": 19,
            "font-size[1:1]": 16,
            "text-wrap": true,
            "align": "center",
            "font-color": "list_selected",
            "autoscroll": "slide",
            "scroll-speed": 30,
            "scroll-delay-start": 1500,
            "scroll-delay-end": 1500

        },

        "port_image": {
            "parent": "port_info_image_area",
            "area": [ 0.0, 0.0, 1.0, 1.0 ],
            "area[1:1]": [ 0.05, 0.0, 0.95, 1.0 ],
            "parent[1:1]": "port_image_back",
            "image": "{port_info.image}"
        },
        "#element:button_bar": {}
    },
    "port_info": {
        "#element:background2": {},
        "port_info": {
            "area": [ 0.05, 0.68, 0.95, 0.9 ],
            "text": "{port_info.description}",
            "thickness": 6,
            "border": 8,
            "image-mode": "stretch",
            "image": "zeldared.png",
            "autoscroll": "marquee",
            "border-x[1920x1152|1920x1080]": 27,
            "border-y[1920x1152|1920x1080]": 27,
            "scroll-speed": 60,
            "scroll-delay-start": 1500,
            "scroll-delay-end": 1500,
            "font-size": 15,
            "font-size[427:240]": 22,
            "font-color": "general_font",
            "text-wrap": true
        },
        "port_title": {
            "text": "{port_info.title}",
            "area": [ 0.00, 0.00, 1.00, 0.1 ],
            "font-size": 24,
            "font-color": "list_selected",
            "autoscroll": null,
            "text-wrap": false,
            "align": "center"
        },
        "port_image": {
            "area": [  0.0, 0.10, 0.65, 0.65 ],
            "area[1:1]": [ 0.0, 0.20, 0.65, 0.55 ],
            "image": "{port_info.image}",
            "align": "midcenter"
        },
        "port_info_instruction": {
            "area": [ 0.6, 0.1, 0.95, 0.65 ],
            "border-x[1920x1152|1920x1080]": 27,
            "border-y[1920x1152|1920x1080]": 27,
            "text": "Free Space: {system.free_space}\n\nPorter: {port_info.porter}\nGenres: {port_info.genres}\nDownload Size: {port_info.download_size}{if:port_info.runtime}\nRuntime: {port_info.runtime} ({port_info.runtime_status}){endif}\n\nInstruction: {port_info.instructions}",
            "fill": "panels",
            "thickness": 6,
            "border": 8,
            "font-size": 13,
            "image-mode": "stretch",
            "image": "zeldabig.png",
            "font-color": "general_font",
            "text-wrap": true,
            "parent": "element:background"
        },
        "#element:button_bar": {}
    },
    "main_menu": {
        "#element:background": {},
        "logo": {
            "area": [ 0.6, 0.1, 0.4, 0.4 ],
            "align": "topcenter",
            "image": "logo.png"
        },

        "#element:option_list": {
            "align": "center",
            "list": [],
            "options": [],
            "pointer": "pointenfedde.png",
            "pointer-align": [ "midleft", "midright" ],
            "pointer-size": [ 51, 26 ],
            "pointer-attach": "text",
            "pointer-offset": [ 0, 0 ],
            "pointer-flip-x": false,
            "pointer-flip-y": false,
            "pointer-mirror": true,
            "pointer-mirror-x": true
        },
        "#element:button_bar": {},
        "system_time": {
            "text": "Time: {system.time_24hr}      Battery: {system.battery_level}",
            "text[3:2]": "Time: {system.time_24hr}\n\nBattery: {system.battery_level}",
            "font-size": 13,
            "font-size[427:240]": 17,
            "font-color": "general_font",
            "area": [ 0.02, 0.05, 0.95, 0.95 ],
            "area[3:2]": [ 0.02, 0.0, 0.95, 0.95 ],
            "align": "bottomleft"
        }

    },
    "option_menu": {
        "#element:background": {
        },
        "logo": {
            "area": [ 0.6, 0.1, 0.4, 0.4 ],
            "align": "topcenter",
            "image": "logo.png"
        },

        "#element:option_list": {
            "list": [],
            "options": [],
            "align": "center",
            "no-select-color": "list_unselectable",
            "inactive-select-color": "list_unselectable"
        },
        "#element:button_bar": {},
        "ip": {
            "text": "IP: {system.ip_address}",
            "font-size": 11,
            "font-size[427:240]": 16,
            "font-color": "general_font",
            "area": [ 0.02, 0.05, 0.95, 0.95 ],
            "align": "bottomleft"
        }
    },
    "themes_list": {
        "#element:background": {},
        "port_info": {
            "parent": "port_info_area",
            "area": [ 0.0, 0.0, 1.0, 1.0 ],
            "thickness": 10,
            "border": 8,
            "text": "",
            "font-size": 24,
            "font-color": "general_font",
            "text-wrap": true
        },
        "theme_list_back": {
            "parent": "port_info_list_area",
            "area": [ 0.02, 0.01, 1.0, 0.68 ],
            "area[3:2]": [ 0.02, 0.01, 1.0, 0.65 ],
            "area[1:1]": [ 0.1, 0.01, 0.9, 0.65 ],
            "font-size": 17,
            "image-mode": "stretch",
            "image": "zeldabig.png"
        },

        "themes_list": {
            "parent": "port_info_list_area",
            "parent[1:1]": "theme_list_back",
            "area": [ 0.0, 0.02, 1.0, 0.57 ],
            "border-x": 16,
            "border-x[1920x1152|1920x1080]": 27,
            "border-y": 5,
            "font-size": 17,
            "font-size[3:2]": 12,
            "font-size[427:240]": 22,
            "font-size[1280x720|1280x800|1920x1080]": 19,
            "font-size[1920x1152]": 13,
            "select-fill": "selection-fill",
            "font-color": "list_text",
            "select-color": "list_selected",
            "text-clip": true,
            "text-wrap": false,
            "autoscroll": "slide",
            "scroll-speed": 30,
            "scroll-delay-start": 500,
            "scroll-delay-end": 500
        },
        "theme_general_info_back": {
            "parent": "port_info_text_area2",
            "area": [ 0.05, 0.25, 1.0, 0.47 ],
            "area[30:17]": [ 0.05, 0.23, 1.0, 0.41 ],
            "area[1920x1152]": [ 0.05, 0.08, 1.0, 0.25 ],
            "area[3:2]": [ 0.05, 0.05, 1.0, 0.35 ],
            "area[1280x720|1280x800|1920x1080]": [ 0.05, 0.23, 1.0, 0.41 ],
            "patch": [ 0, 25, 32, 25 ],
            "image": "zeldalittle.png"

        },

        "theme_general_info": {
            "parent": "port_info_text_area2",
            "area": [ 0.05, 0.22, 1.0, 1.0 ],
            "area[1:1]": [ 0.05, 0.25, 1.0, 1.0 ],
            "area[3:2|1920x1152|1280x720|1280x800|1920x1080|30:17]": [ 0.0, 0.0, 1.0, 1.0 ],
            "parent[3:2|1920x1152|1280x720|1280x800|1920x1080|30:17]": "theme_general_info_back",
            "font-size": 14,
            "font-size[3:2]": 10,
            "border-x": 16,
            "border-y": 16,
            "font-size[1920x1152]": 11,
            "font-size[1280x720|1280x800|1920x1080]": 11,
            "autoscroll[3:2|30:17]": "marquee",
            "scroll-speed[3:2|30:17]": 60,
            "scroll-delay-start[3:2|30:17]": 1500,
            "scroll-delay-end[3:2|30:17]": 1500,
            "font-color": "general_font",
            "text-wrap": true,
            "text": "Creator: {theme_info.creator}\nStatus: {theme_info.status}"
        },
        "theme_desc_back": {
            "parent": "port_info_text_area",
            "image-mode": "stretch",
            "image": "zeldared.png",
            "area": [ 5, 145, -5, -55 ],
            "area[30:17]": [ 5, 165, -5, -60 ],
            "area[3:2]": [ 5, 100, -5, -25 ],
            "area[1920x1152]": [ 5, 170, -5, -82 ],
            "area[1280x720|1280x800]": [ 5, 220, -5, -65 ],
            "area[1920x1080]": [ 5, 330, -5, -85 ],
            "area[1:1]": [ 5, 250, -5, -75 ]

        },

        "theme_desc": {
            "parent": "port_info_text_area",
            "parent[3:2|1920x1152|1280x720|1280x800|1920x1080|30:17]": "theme_desc_back",
            "area": [ 5, 145, -5, -60 ],
            "area[1:1]": [ 5, 255, -5, -80 ],
            "area[3:2|1920x1152|1280x720|1280x800|1920x1080|30:17]": [ 0.0, 0.0, 1.0, 1.0 ],
            "font-size": 17,
            "font-size[1920x1152]": 13,
            "font-size[3:2]": 13,
            "border-x": 16,
            "border-y": 16,
            "font-size[1280x720|1280x800|1920x1080]": 13,
            "font-color": "general_font",
            "text-wrap": true,
            "autoscroll": "marquee",
            "scroll-speed": 60,
            "scroll-delay-start": 1500,
            "scroll-delay-end": 1500,
            "text": "{theme_info.description}"
        },
        "theme_name": {
            "parent": "port_info_title_area",
            "area": [ 0.0, 0.0, 1.0, 1.0 ],
            "text": "{theme_info.name}",
            "font-size": 22,
            "font-color": "list_selected",
            "align": "center"
        },
        "theme_image": {
            "parent": "port_info_image_area",
            "area": [ 0.1, 0.0, 0.9, 1.0 ],
            "image": "{theme_info.image}"
        },
        "#element:button_bar": {}
    },

    "on_screen_keyboard": {
        "#element:background": {},
        "keyboard": {
            "font-size": 30,
            "font-color": "list_text",
            "select-color": "list_selected",
            "inactive-select-color": "list_text",
            "area": [ 0.1, 0.4, 0.9, 1.0 ],
            "barwidth": 40,
            "list": [],
            "options": [],
            "align": "center"
        },
        "#element:button_bar": {}
    },
    "filter_list": {
        "#element:background4": {
            "blend-mode": "blend",
            "fill": [ 0, 0, 0, 170 ]
        },

        "filter_list_back": {
            "area": [ 0.5, 0.01, 0.98, 0.7 ],
            "area[3:2|1920x1152|1280x720|1280x800|1920x1080|30:17]": [ 0.40, 0.01, 0.98, 0.7 ],
            "image-mode": "stretch",
            "image": "zeldabig.png"
        },

        "filter_list": {
            "area": [ 0.46, 0.01, 0.98, 0.65 ],
            "area[3:2|1920x1152|1280x720|1280x800|1920x1080|30:17]": [ 0.40, 0.01, 0.98, 0.65 ],
            "border-x": 16,
            "border-y": 16,
            "font-size": 20,
            "font": "ARCADEPI.TTF",
            "font-size[1920x1152]": 15,
            "font-size[30:17]": 15,
            "font-size[3:2]": 12,
            "font-color": "list_text",
            "select-color": "list_selected",
            "list-spacer": 3,
            "list": [],
            "align": "center"
        },
        "#element:button_bar": {}
    },
    "message_window": {
        "#element:background3": {},
        "message_text": {
            "area": [ 0.05, 0.05, 0.95, 0.8 ],
            "image-mode": "stretch",
            "image": "zeldabig.png",
            "thickness": 6,
            "text-wrap": true,
            "border": 10,
            "font-size": 24,
            "font-color": "general_font",
            "align": "bottomleft",
            "text": ""
        },
        "progress_bar_amount_back": {
            "area": [ 0.2, 0.82, 0.8, 0.91 ],
            "image-mode": "stretch",
            "image": "zeldared.png",
            "patch": [ 60, 12, 60, 12 ],
            "align": "midright",
            "font-size": 14,
            "font-color": "download_font",
            "thickness": 1,
            "border": 2
        },

        "progress_bar_hearts": {
            "area": [ 0.01, 0.17, 0.99, 0.83 ],
            "image": "hearts_{system.progress_perc_10}",
            "parent": "progress_bar_amount_back"
        },


        "#element:button_bar": {}
    },
    "message_box": {
        "#element:background3": {},
        "message_text": {
            "area": [ 0.05, 0.2, 0.95, 0.8 ],
            "area[3:2]": [ 0.05, 0.2, 0.95, 0.9 ],
            "autoscroll": "marquee",
            "scroll-speed": 40,
            "scroll-delay-start": 1500,
            "scroll-delay-end": 1500,
            "image-mode": "stretch",
            "image": "zeldabig.png",
            "thickness": 6,
            "border": 8,
            "font-size": 24,
            "font-color": "general_font",
            "align": "center",
            "text": "",
            "text-wrap": true
        },
        "#element:button_bar": {}
    }
}